1,0
2,0
3,0
4,0
5,0
6,0
7,0
8,0
9,0
10,0
11,0
12,0
13,0.772084107
14,0.946018662
15,0.975213201
16,0.957577773
17,1.11808898
18,1.0949744
19,1.0949744
20,1.185078777
21,2.217095902
22,1.833580696
23,1.398191523
24,0
25,0
26,0
27,0
28,0
29,0
30,0
31,0
32,0
33,0
34,0
35,0
36,0
37,0
38,0
39,0
40,0
41,0
42,0
43,0
44,0
45,0
46,0
47,0
48,0
49,0
50,0
51,0
52,0
53,0
54,0
55,0
56,0
57,0
58,0
59,0
60,0
61,0
62,0
63,0
64,0
65,0
66,0
67,0
68,0
69,0
70,0
71,0
72,0
73,0
74,0
75,0
76,0
77,0
78,0
79,0
80,0
81,0
82,0
83,0
84,0
85,0
86,0
87,0
88,0
89,0
90,0
91,0
92,0
93,0
94,0
95,0
96,0
97,0
98,0
99,0
100,0
101,0
102,0
103,0
104,0
105,6.634565983
106,6.634565983
107,6.634565983
108,5.897311298
109,5.897311298
110,5.897311298
111,5.897311298
112,6.634565983
113,6.634565983
114,4.082848509
115,4.423134764
116,0
117,0
118,0
119,0
120,1.830030835
121,1.895390229
122,1.895390229
123,1.895390229
124,1.895390229
125,2.307366295
126,2.307366295
127,2.527112889
128,2.527112889
129,5.917389456
130,5.917389456
131,0
132,0
133,0
134,0
135,0
136,0
137,0
138,0
139,0
140,0
141,0
142,0
143,0
144,0
145,0
146,0
147,0
148,0
149,0
150,0
151,0
152,0
153,0
154,0
155,0
156,0
157,0
158,0
159,0
160,0
161,0
162,0
163,0
164,0
165,0
166,0
167,0
168,0
169,0
170,0
171,0
172,0
173,0
174,0
175,0
176,0
177,0
178,0
179,0
180,0
181,0
182,0
183,0
184,0
185,0
186,0
187,0
188,0
189,0
190,0
191,0
192,0
193,0
194,0
195,0
196,0
197,0
198,0
199,0
200,0
201,0
202,0
203,0
204,0
205,0
206,0
207,0
208,0
209,0
210,0
211,0
212,0
213,0
214,0
215,0
216,0
217,0
218,0
219,0
220,0
221,0
222,0
223,0
224,0
225,0
226,0
227,0
228,0
229,0
230,0
231,0
232,0
233,0
234,11.37894622
235,6.452612017
236,6.452612017
237,6.452612017
238,6.452612017
239,6.452612017
240,19.08245452
241,19.08245452
242,4.54831254
243,4.54831254
244,4.54831254
245,2.27415627
246,2.683633528
247,2.683633528
248,2.683633528
249,2.683633528
250,2.683633528
251,0
252,0
253,0
254,0
255,0
256,0
257,0
258,0
259,0
260,0
261,0
262,0
263,0
264,0
265,0
266,0
267,0
268,0
269,0
270,0
271,0
272,0
273,0
274,0
275,0
276,0
277,0
278,0
279,0
280,0
281,0
282,0
283,0
284,0
285,0
286,0
287,0
288,0
289,0
290,0
291,0
292,0
293,0
294,0
295,0
296,0
297,0
298,0
299,0
300,0
301,0
302,0
303,0
304,0
305,0
306,0
307,0
308,0
309,0
310,0
311,0
312,0
313,0
314,0
315,0
316,0
317,0
318,0
319,0
320,0
321,0
322,0
323,0
324,0
325,0
326,0
327,0
328,0
329,0
330,0
331,0
332,0
333,0
334,0
335,0
336,0
337,0
338,0
339,0
340,0
341,0
342,0
343,0
344,0
345,0
346,0
347,0
348,0
349,0
350,0
351,0
352,0
353,0
354,0
355,0
356,0
357,0
358,0
359,0
360,0
361,0
362,0
363,0
364,0
365,39.80004458
366,39.80004458
367,39.80004458
368,39.80004458
369,39.80004458
370,39.80004458
371,19.85419082
372,19.85419082
373,39.61713996
374,39.61713996
375,39.61713996
376,0
377,0
378,0
379,0
380,0
381,0
382,0
383,0
384,0
385,0
386,0
387,0
388,0
389,0
390,0
391,0
392,0
393,0
394,0
395,0
396,0
397,0
398,0
399,4.096117863
400,4.096117863
401,12.28835359
402,12.28835359
403,13.31613717
404,13.31613717
405,12.28835359
406,92.87248767
407,92.87248767
408,95.54010306
409,79.61479179
410,70.76870381
411,60.65782195
412,45.49336646
413,39.80494515
414,39.80494515
415,39.80494515
416,45.49176599
417,15.163922
418,15.163922
419,0
420,0
421,0
422,0
423,2.190772466
424,1.948918381
425,1.948918381
426,1.948918381
427,1.948918381
428,1.645785381
429,1.645785381
430,2.271687253
431,2.373328797
432,2.271256325
433,2.177513704
434,0
435,0
436,0
437,0
438,0
439,0
440,0
441,0
442,0
443,0
444,0
445,0
446,0
447,0
448,0
449,0
450,0
451,0
452,0
453,0
454,0
455,0
456,0
457,2.989101973
458,2.556277994
459,2.937442808
460,2.783094106
461,2.116067487
462,2.406185707
463,2.117522857
464,1.769217595
465,1.630396646
466,1.630396646
467,1.630396646
468,0
469,0
470,0
471,0
472,0
473,0
474,0
475,0
476,0
477,0
478,0
479,0
480,0
481,0
482,0
483,0
484,0
485,0
486,0
487,0
488,0
489,0
490,0
491,0
492,0
493,0
494,0
495,0
496,0
497,0
498,0
499,0
500,0
501,2.419150069
502,3.779280352
503,7.424460568
504,6.460348962
505,5.717851039
506,5.128432357
507,4.649176835
508,4.251839516
509,4.229975297
510,4.571951916
511,5.004347777
512,0
513,0
514,0
515,0
516,0
517,0
518,0
519,0
520,0
521,0
522,0
523,0
524,0
525,0
526,0
527,0
528,0
529,0
530,0.639765729
531,0.639982306
532,0.943822906
533,1.059656814
534,1.104525586
535,1.104525586
536,1.294802229
537,1.361766435
538,1.716270547
539,6.61035001
540,6.61035001
541,0
542,0
543,0
544,0
545,0
546,0
547,0
548,0
549,0
550,0
551,0
552,0
553,0
554,0
555,0
556,0
557,0
558,0
559,0
560,0
561,0
562,0
563,0
564,0
565,0
566,0
567,1.515315353
568,2.807749569
569,2.884080499
570,2.884080499
571,2.884080499
572,2.807621547
573,2.883887536
574,3.857177858
575,4.645936292
576,4.388757291
577,5.631002649
578,3.625337338
579,1.498781191
580,1.498781191
581,1.312672774
582,1.312672774
583,1.312584832
584,1.345948061
585,0
586,0
587,0
588,0
589,0
590,0
591,0
592,0
593,0
594,0
595,0
596,0
597,0
598,0
599,0
600,0
601,0
602,0
603,0
604,0
605,0
606,0
607,0
608,0
609,1.662018334
610,5.160235637
611,5.129449524
612,6.903399897
613,26.74021772
614,13.94061373
615,6.402199488
616,6.723567772
617,6.723567772
618,6.352506157
619,5.804813382
620,3.086268869
621,0
622,0
623,0
624,0
625,0
626,0
627,0
628,0
629,0
630,0
631,0
632,1.380538472
633,1.551924026
634,1.695957895
635,1.546300951
636,3.277529676
637,3.277529676
638,3.277529676
639,3.277529676
640,5.836463234
641,3.111443441
642,2.173977318
643,2.876343684
644,2.727945488
645,3.135001438
646,2.736518378
647,2.66750718
648,2.66750718
649,2.174295341
650,2.061468369
651,2.061468369
652,2.438653715
653,3.019061874
654,0
655,0
656,0
657,0
658,0
659,0
660,0.918818896
661,0.963382078
662,0.963382078
663,0.841046175
664,0.841046175
665,1.066816692
666,1.045748397
667,2.270873414
668,2.556975552
669,2.556975552
670,2.686677903
671,4.815597296
672,4.410552582
673,4.410552582
674,13.20247742
675,3.794785297
676,3.794785297
677,4.087727204
678,0
679,0
680,0
681,0
682,0
683,0
684,3.320349439
685,3.320349439
686,1.877556857
687,5.632670571
688,3.230077656
689,3.180252649
690,3.180252649
691,3.117955499
692,3.180471666
693,3.180471666
694,3.180471666
695,2.304898629
696,1.534979355
697,2.263111518
698,0
699,0
700,0
701,0
702,0
703,0
704,0
705,0
706,0
707,0
708,0
709,0
710,0
711,0
712,0
713,0
714,0
715,0
716,0
717,0
718,0
719,0
720,0
721,0
722,0
723,0
724,0
725,0
726,0
727,0
728,0
729,0
730,0
731,0
732,0
733,0
734,0
735,0
736,0
737,0
738,0
739,0
740,0
741,0
742,0
743,0
744,0
745,0
746,0
747,0
748,0
749,0
750,0
751,0
752,0
753,0
754,0
755,0
756,0
757,0
758,0
759,0
760,0
761,0
762,0
763,0
764,0
765,0
766,0
767,0
768,0
769,0
770,0
771,0
772,0
773,0
774,0
775,0
776,0
777,0
778,0
779,0
780,0
781,0
782,0
783,0
784,0
785,0
786,0
787,0
788,0
789,0
790,0
791,0
792,0
793,0
794,0
795,0
796,0
797,0
798,0
799,0
800,0
801,0
802,0
803,0
804,0
805,0
806,0
807,0
808,0
809,0
810,0
811,0
812,0
813,0
814,0
815,0
816,0
817,0
818,0
819,0
820,0
821,0
822,0
823,26.40819034
824,26.40819034
825,26.40819034
826,26.40819034
827,26.40819034
828,26.40819034
829,105.7753332
830,28.91878449
831,22.72429791
832,28.94208573
833,28.94208573
834,14.47104286
835,14.47104286
836,9.363800894
837,9.363800894
838,9.363800894
839,9.363800894
840,0
841,0
842,0
843,0
844,0
845,0
846,0
847,0
848,0
849,0
850,0
851,0
852,0
853,0
854,0
855,0
856,0
857,0
858,0
859,0
860,0
861,0
862,0
863,0
864,0
865,0
866,0
867,0
868,0
869,0
870,0
871,0
872,0
873,0
874,0
875,0
876,0
877,0
878,0
879,0
880,0
881,0
882,0
883,0
884,0
885,0
886,0
887,0
888,0
889,0
890,0
891,0
892,0
893,0
894,0
895,0
896,0
897,0
898,0
899,0
900,0
901,0
902,0
903,0
904,0
905,0
906,0
907,13.26096735
908,13.26096735
909,17.67838909
910,17.67838909
911,17.67838909
912,13.2552581
913,13.2552581
914,13.2552581
915,13.2552581
916,17.67114147
917,17.64221033
918,0
919,0
920,0
921,0
922,0
923,0
924,0
925,0
926,0
927,0
928,0
929,0
930,0
931,0
932,0
933,0
934,0
935,0
936,0
937,0
938,0
939,0
940,0
941,0
942,0
943,0
944,0
945,0
946,0
947,0
948,0
949,0
950,0
951,0
952,0
953,0
954,0
955,0
956,0
957,0
958,0
959,0
960,3.899564684
961,4.573116077
962,4.777381659
963,4.777381659
964,4.200911094
965,4.769399533
966,3.592053802
967,3.592053802
968,3.592053802
969,3.592053802
970,2.669274726
971,1.249766544
972,1.249766544
973,1.280318191
974,1.249187029
975,1.345763161
976,1.345763161
977,0
978,0
979,0
980,0
981,2.163284732
982,2.163284732
983,1.453300795
984,1.453300795
985,1.495608892
986,1.412801656
987,1.412801656
988,1.31584654
989,1.508759496
990,1.42452123
991,1.42452123
992,0
993,0
994,0
995,0
996,0
997,0
998,0
999,0
1000,0
1001,0
1002,0
1003,0
1004,0
1005,0
1006,0
1007,0
1008,0
1009,0
1010,0
1011,0
1012,0
1013,0
1014,0
1015,0
1016,0
1017,0
1018,0
1019,0
1020,0
1021,0
1022,0
1023,0
1024,0
1025,0
1026,0
1027,0
1028,0
1029,0
1030,0
1031,0
1032,0
1033,0
1034,0
1035,0
1036,1.051955316
1037,1.051955316
1038,1.397112916
1039,1.43494488
1040,1.284408006
1041,1.591061544
1042,1.591061544
1043,1.284645343
1044,1.284645343
1045,0.896058247
1046,1.073426679
1047,0
1048,0
1049,0
1050,0
1051,0
1052,0
1053,0
1054,0
1055,0
1056,0
1057,0
1058,0
1059,0
1060,0
1061,0
1062,0
1063,0
1064,3.865780114
1065,3.865780114
1066,3.230658693
1067,3.429073053
1068,3.666755842
1069,3.939914104
1070,4.915883337
1071,4.915883337
1072,6.040620029
1073,6.040620029
1074,4.32704723
1075,0
1076,0
1077,0
1078,0
1079,0
1080,0
1081,0
1082,0
1083,0
1084,0
1085,0
1086,0
1087,0
1088,0
1089,0
1090,0
1091,0
1092,0
1093,0
1094,0
1095,0
1096,0
1097,0
1098,0
1099,0
1100,0
1101,0
1102,0
1103,0
1104,0
1105,0
1106,0
1107,0
1108,0
1109,2.9382037
1110,2.77796421
1111,2.626849512
1112,2.626849512
1113,2.626849512
1114,2.626849512
1115,3.095889352
1116,2.345153281
1117,2.345153281
1118,2.345153281
1119,2.718122834
1120,0.860791551
1121,0.875588045
1122,0
1123,0
1124,0
1125,0
1126,0
1127,0
1128,0
1129,0
1130,0.809798117
1131,1.351798541
1132,1.351798541
1133,1.351798541
1134,1.351798541
1135,1.613032268
1136,1.613032268
1137,4.296595721
1138,4.69260438
1139,4.69260438
1140,5.170387001
1141,0
1142,0
1143,0
1144,0
1145,0
1146,0
1147,0
1148,0
1149,0
1150,0
1151,0
1152,0
1153,0
1154,0
1155,0
1156,0
1157,0
1158,1.792854457
1159,2.156272113
1160,2.252879811
1161,2.738709178
1162,2.788675923
1163,2.645714303
1164,2.681529922
1165,2.681529922
1166,2.681529922
1167,2.681529922
1168,2.540548165
1169,0
1170,0
1171,0
1172,0
1173,0
1174,0
1175,0
1176,0
1177,0
1178,0
1179,0
1180,0
1181,0
1182,0
1183,0
1184,0
1185,0
1186,0
1187,0
1188,0
1189,0
1190,0
1191,0
1192,0
1193,0
1194,0
1195,0
1196,0
1197,0
1198,0
1199,0
1200,0
1201,0
1202,0
1203,0
1204,0
1205,0
1206,0
1207,0
1208,0
1209,0
1210,0
1211,0
1212,0
1213,0
1214,0
1215,0
1216,0
1217,0
1218,0
1219,0
1220,4.832225143
1221,4.832225143
1222,4.832225143
1223,3.595729539
1224,3.859480335
1225,2.830130154
1226,5.117411851
1227,5.587763424
1228,5.308306438
1229,5.308306438
1230,5.308306438
1231,2.654185906
1232,1.899181711
1233,1.899181711
1234,2.10871737
1235,1.553243832
1236,1.819586142
1237,0
1238,0
1239,0
1240,0
1241,0
1242,0
1243,0
1244,0
1245,0
1246,0
1247,0
1248,0
1249,0
1250,0
1251,0
1252,0
1253,0
1254,0
1255,0
1256,0
1257,0
1258,0
1259,0
1260,0
1261,0
1262,0
1263,0
1264,0
1265,0
1266,0
1267,0
1268,0
1269,0
1270,0
1271,0
1272,0
1273,0
1274,0
1275,0
1276,0
1277,0
1278,0
1279,0
1280,0
1281,0
1282,0
1283,0
1284,0
1285,0
1286,0
1287,0
1288,0
1289,0
1290,0
1291,0
1292,0
1293,0
1294,0
1295,0
1296,0
1297,0
1298,0
1299,10.47166034
1300,35.23826707
1301,26.39848621
1302,35.16352445
1303,35.16352445
1304,21.05174519
1305,21.05174519
1306,21.05174519
1307,21.05174519
1308,21.05174519
1309,35.00645519
1310,0
1311,0
1312,0
1313,0
1314,0
1315,0
1316,0
1317,0
1318,0
1319,0
1320,7.388318182
1321,7.388318182
1322,9.905802423
1323,11.94221877
1324,13.83760519
1325,41.05285802
1326,19.25765588
1327,26.62744834
1328,26.62744834
1329,24.19747618
1330,14.02504402
1331,5.610017606
1332,5.610017606
1333,5.328320449
1334,4.84205038
1335,1.68689137
1336,1.68689137
1337,2.257907191
1338,0
1339,0
1340,0
1341,0
1342,0
1343,0
1344,0
1345,0
1346,0
1347,0
1348,0
1349,0
1350,0
1351,0
1352,2.042178668
1353,1.966505843
1354,1.966505843
1355,1.966505843
1356,2.042178668
1357,2.042178668
1358,2.042178668
1359,2.655003343
1360,2.655003343
1361,2.413515067
1362,2.413515067
1363,0
1364,0
1365,0
1366,0
1367,0
1368,0
1369,0
1370,0
1371,0
1372,0
1373,0
1374,0
1375,0
1376,0
1377,0
1378,0
1379,0
1380,0
1381,0
1382,0
1383,0
1384,0
1385,0
1386,0
1387,0
1388,0
1389,0
1390,0
1391,0
1392,0
1393,0
1394,0
1395,0
1396,0
1397,0
1398,0
1399,0
1400,0
1401,0
1402,0
1403,0
1404,0
1405,0
1406,0
1407,0
1408,0
1409,0
1410,0
1411,0
1412,0
1413,0
1414,0
1415,0
1416,0
1417,0
1418,0
1419,0
1420,0
1421,0
1422,0
1423,0
1424,0
1425,0
1426,0
1427,0
1428,0
1429,0
1430,0
1431,0
1432,0
1433,0
1434,0
1435,0
1436,0
1437,0
1438,0
1439,0
1440,0
1441,0
1442,0
1443,0
1444,0
1445,0
1446,0
1447,0
1448,0
1449,0
1450,0
1451,0
1452,0
1453,6.608323104
1454,52.78404148
1455,52.78404148
1456,52.78404148
1457,53.06999295
1458,53.06999295
1459,53.06999295
1460,53.06999295
1461,53.06999295
1462,53.06999295
1463,53.06999295
1464,0
1465,0
1466,0
1467,0
1468,0
1469,0
1470,0
1471,0
1472,0
1473,0
1474,0
1475,0
1476,53.06999295
1477,53.06999295
1478,53.06999295
1479,53.06999295
1480,53.06999295
1481,53.06999295
1482,28.96542455
1483,28.96542455
1484,28.96542455
1485,28.96542455
1486,28.96542455
1487,14.48271228
1488,16.77111718
1489,19.91841418
1490,19.91841418
1491,19.91841418
1492,19.91841418
1493,39.83682835
1494,39.83682835
1495,39.83682835
1496,27.70144491
1497,19.90783469
1498,18.20093247
1499,17.69241802
1500,53.07725406
1501,79.61479179
1502,111.4607085
1503,111.4607085
1504,96.49953719
1505,96.49953719
1506,96.49953719
1507,39.78494205
1508,45.46564091
1509,34.14795687
1510,26.58646142
1511,17.72430761
1512,9.115863352
1513,0
1514,0
1515,0
1516,0
1517,0
1518,0
1519,0
1520,0
1521,0
1522,0
1523,0
1524,0
1525,0
1526,0
1527,0
1528,0
1529,0
1530,0
1531,0
1532,0
1533,0
1534,0
1535,0
1536,0
1537,0
1538,0
1539,10.61295324
1540,10.61295324
1541,8.844272873
1542,3.802484939
1543,2.422413018
1544,2.422413018
1545,2.665840896
1546,2.316717097
1547,2.130690777
1548,2.130690777
1549,2.422467475
1550,0
1551,0
1552,0
1553,0
1554,0
1555,0
1556,0
1557,0
1558,0
1559,0
1560,0
1561,0
1562,0
1563,0
1564,0
1565,0
1566,0
1567,0
1568,0
1569,0
1570,0
1571,0
1572,0
1573,0
1574,0
1575,0
1576,0
1577,0
1578,0
1579,0
1580,0
1581,0
1582,0
1583,0
1584,0
1585,0
1586,0
1587,0
1588,0
1589,0
1590,0
1591,26.48119941
1592,12.53480917
1593,12.52752297
1594,14.20586918
1595,14.20586918
1596,11.18872606
1597,11.18872606
1598,10.11295769
1599,6.364857027
1600,5.385036577
1601,4.670283583
1602,0
1603,0
1604,0
1605,0
1606,0
1607,0
1608,0
1609,0
1610,0
1611,0
1612,4.818073403
1613,4.818073403
1614,4.077364235
1615,4.820336421
1616,5.302820761
1617,5.892635243
1618,35.35581146
1619,13.31051733
1620,13.31051733
1621,8.70877267
1622,8.70877267
1623,8.456631014
1624,7.465438008
1625,6.4187566
1626,6.550875145
1627,6.291984314
1628,6.291984314
1629,1.048664052
1630,1.529836462
1631,1.529836462
1632,0
1633,0
1634,0
1635,0
1636,0
1637,0
1638,0
1639,29.86106245
1640,23.71895934
1641,23.71895934
1642,23.71895934
1643,23.71895934
1644,37.15448453
1645,46.44339161
1646,46.44339161
1647,46.44339161
1648,46.44339161
1649,53.07932903
1650,10.61661288
1651,0
1652,0
1653,0
1654,0
1655,13.27076609
1656,11.79591371
1657,11.79591371
1658,11.79591371
1659,11.79591371
1660,11.79591371
1661,11.79591371
1662,15.92413487
1663,15.92413487
1664,15.92413487
1665,15.92413487
1666,26.53499648
1667,53.06999295
1668,53.06999295
1669,13.26994898
1670,13.26994898
1671,5.897795451
1672,5.897795451
1673,0
1674,0
1675,1.999195204
1676,1.737453777
1677,1.737453777
1678,1.737453777
1679,1.682374662
1680,1.859141338
1681,1.859141338
1682,2.253845782
1683,2.253845782
1684,2.861240808
1685,2.582746017
1686,0
1687,0
1688,0
1689,0
1690,0
1691,0
1692,0
1693,0
1694,0
1695,0
1696,0
1697,0
1698,0
1699,0
1700,0
1701,0
1702,0
1703,0
1704,0
1705,0
1706,0
1707,0
1708,0
1709,0
1710,0
1711,0
1712,0
1713,0
1714,0
1715,0
1716,0
1717,0
1718,0
1719,0
1720,0
1721,0
1722,0
1723,0
1724,0
1725,0
1726,0
1727,0
1728,0
1729,0
1730,0
1731,0
1732,0
1733,0
1734,0
1735,0
1736,0
1737,0
1738,0
1739,0
1740,0
1741,0
1742,0
1743,0
1744,0
1745,0
1746,0
1747,0
1748,0
1749,0
1750,0
1751,0
1752,0
1753,0
1754,0
1755,0
1756,0
1757,0
1758,8.845361846
1759,10.61452134
1760,10.61452134
1761,11.79494535
1762,19.90431069
1763,19.90431069
1764,22.74828387
1765,22.74828387
1766,19.90431069
1767,19.90431069
1768,26.53935326
1769,17.69290217
1770,15.16498901
1771,15.16498901
1772,14.26180335
1773,7.130901677
1774,5.863377671
1775,5.863377671
1776,5.863377671
1777,6.206221315
1778,6.206221315
1779,32.24857719
1780,32.24857719
1781,37.23732789
1782,43.4435492
1783,54.49552902
1784,54.49552902
1785,185.7564107
1786,185.7564107
1787,67.55421322
1788,61.9238867
1789,61.9238867
1790,33.77710661
1791,38.60240755
1792,28.57993956
1793,20.41424254
1794,20.41424254
1795,20.41424254
1796,14.47557873
1797,14.47557873
1798,53.06999295
1799,79.60498943
1800,79.60498943
1801,26.53499648
1802,0
1803,0
1804,0
1805,0
1806,0
1807,0
1808,0
1809,0
1810,0
1811,0
1812,0
1813,0
1814,0
1815,0
1816,0
1817,0
1818,0
1819,0
1820,0
1821,0
1822,0
1823,0
1824,0
1825,0
1826,0
1827,0
1828,0
1829,0
1830,0
1831,0
1832,0
1833,0
1834,0
1835,0
1836,0
1837,0
1838,0
1839,0
1840,0
1841,0
1842,0
1843,0
1844,0
1845,0
1846,0
1847,0
1848,0
1849,0
1850,0
1851,0
1852,0
1853,0
1854,0
1855,0
1856,0
1857,0
1858,0
1859,0
1860,0
1861,0
1862,0
1863,0
1864,0
1865,4.842648782
1866,4.842648782
1867,5.329045086
1868,4.842757598
1869,4.842757598
1870,9.186974781
1871,9.186974781
1872,7.831295108
1873,7.831295108
1874,7.831295108
1875,7.831295108
1876,0
1877,0
1878,0
1879,0
1880,0
1881,0
1882,0
1883,0
1884,0
1885,0
1886,0
1887,0
1888,0
1889,0
1890,0
1891,0
1892,0
1893,0
1894,0
1895,0
1896,0
1897,0
1898,0
1899,0
1900,0
1901,0
1902,0
1903,0
1904,2.41248843
1905,2.41248843
1906,2.41248843
1907,6.634565983
1908,6.633749119
1909,5.896907897
1910,4.245892184
1911,4.245892184
1912,5.307195326
1913,5.307195326
1914,4.082229825
1915,1.965519443
1916,1.965519443
1917,1.518379314
1918,1.518379314
1919,0
1920,0
1921,0
1922,0
1923,0
1924,0
1925,0
1926,0
1927,0
1928,0
1929,0
1930,0
1931,0
1932,0
1933,0
1934,0
1935,0
1936,0
1937,0
1938,0
1939,0
1940,0
1941,0
1942,0
1943,0
1944,1.980201784
1945,1.572395478
1946,0.931966449
1947,0.948675444
1948,0.965665568
1949,1.639805989
1950,1.928669471
1951,1.928669471
1952,1.893774693
1953,1.708808777
1954,1.727463875
1955,1.262113513
1956,1.393950167
1957,1.771923155
1958,1.713629952
1959,1.451138203
1960,0.837210511
1961,0.850797599
1962,0.754580485
1963,0.590241504
1964,0
1965,0
1966,0
1967,0
1968,0
1969,0
1970,0
1971,0
1972,0
1973,0
1974,0
1975,0
1976,0
1977,0
1978,4.868795694
1979,3.419822935
1980,3.419822935
1981,1.877655004
1982,1.761107091
1983,1.761107091
1984,1.761107091
1985,1.584382702
1986,1.286240071
1987,1.218065727
1988,1.248304303
1989,0
1990,0
1991,0
1992,0
1993,0
1994,0
1995,0
1996,0
1997,0
1998,0
1999,0
2000,0
2001,1.088564379
2002,1.114509921
2003,1.021374842
2004,0.996537789
2005,0.868369857
2006,0.969462099
2007,0.69767904
2008,0.761690363
2009,0.806286818
2010,1.050453006
2011,0.903757491
2012,0
2013,0
2014,0
2015,0
2016,0
2017,0
