,0,1
0,M,-0.720
1,A,-0.656
2,N,2.242
3,F,-0.207
4,L,-0.639
5,L,0.720
6,P,-0.701
7,R,0.820
8,G,0.221
9,T,-0.354
10,S,0.522
11,S,-0.151
12,F,-0.641
13,R,-0.359
14,R,0.304
15,F,-0.334
16,T,-0.836
17,R,1.350
18,E,-0.750
19,S,-0.923
20,L,-0.797
21,A,-0.354
22,A,-0.629
23,I,-0.583
24,E,-0.534
25,K,-0.118
26,R,-0.253
27,M,-0.626
28,A,-0.450
29,E,-0.655
30,K,0.852
31,Q,0.817
32,A,0.734
33,R,1.481
34,G,1.437
35,S,0.129
36,T,0.469
37,T,1.411
38,L,0.693
39,Q,2.520
40,E,0.751
41,S,2.333
42,R,1.655
43,E,2.594
44,G,1.080
45,L,2.410
46,P,1.494
47,E,0.818
48,E,0.481
49,E,0.357
50,A,0.153
51,P,0.159
52,R,-0.380
53,P,-0.951
54,Q,-0.525
55,L,0.293
56,D,-0.658
57,L,-0.800
58,Q,-0.503
59,A,-0.736
60,S,-0.201
61,K,-0.585
62,K,-0.046
63,L,-0.943
64,P,-0.951
65,D,0.344
66,L,-0.583
67,Y,-0.781
68,G,-0.941
69,N,-0.496
70,P,0.390
71,P,-0.693
72,Q,1.339
73,E,0.081
74,L,-0.555
75,I,-0.040
76,G,-0.396
77,E,0.234
78,P,-0.830
79,L,-0.948
80,E,-0.974
81,D,-0.980
82,L,0.021
83,D,-0.980
84,P,-0.575
85,F,-0.052
86,Y,-0.940
87,S,0.395
88,T,0.057
89,Q,0.098
90,K,-0.666
91,T,-0.752
92,F,-0.839
93,I,-0.318
94,V,-0.998
95,L,-0.552
96,N,-0.743
97,K,-0.709
98,G,-0.030
99,K,-0.594
100,T,-0.336
101,I,-0.999
102,F,0.011
103,R,-0.989
104,F,-0.959
105,S,-0.767
106,A,-0.923
107,T,-0.634
108,N,0.805
109,A,-0.864
110,L,-0.416
111,Y,0.760
112,V,0.113
113,L,-0.080
114,S,-0.692
115,P,-0.862
116,F,-0.500
117,H,-0.530
118,P,0.507
119,I,-0.006
120,R,-0.988
121,R,-0.509
122,A,1.002
123,A,-0.515
124,V,-0.535
125,K,-0.187
126,I,0.059
127,L,-0.260
128,V,0.330
129,H,-0.478
130,S,-0.205
131,L,0.452
132,F,0.555
133,N,0.349
134,M,2.037
135,L,-0.179
136,I,-0.805
137,M,-0.404
138,C,1.757
139,T,-0.935
140,I,-0.798
141,L,0.391
142,T,0.214
143,N,-0.873
144,C,-0.676
145,V,-0.490
146,F,0.047
147,M,-0.760
148,A,-0.340
149,Q,1.012
150,H,0.210
151,D,0.519
152,P,0.282
153,P,-0.101
154,P,1.206
155,W,-0.302
156,T,0.832
157,K,0.145
158,Y,0.294
159,V,0.370
160,E,-0.589
161,Y,0.045
162,T,-0.160
163,F,-0.711
164,T,-0.863
165,A,-0.370
166,I,-0.940
167,Y,-0.685
168,T,-0.750
169,F,-0.836
170,E,-0.984
171,S,-0.564
172,L,-0.204
173,V,-0.466
174,K,-0.900
175,I,-0.843
176,L,-0.110
177,A,-0.937
178,R,-0.656
179,G,-0.833
180,F,-0.835
181,C,-0.540
182,L,0.017
183,H,0.197
184,A,-0.038
185,F,-0.711
186,T,-0.540
187,F,-0.535
188,L,-0.627
189,R,-0.838
190,D,-0.831
191,P,-0.750
192,W,-0.685
193,N,-0.936
194,W,-0.656
195,L,-0.965
196,D,-0.992
197,F,-0.723
198,S,-0.223
199,V,-0.873
200,I,-1.001
201,I,0.783
202,M,-0.375
203,A,-0.752
204,Y,-0.186
205,V,0.637
206,S,0.069
207,E,0.199
208,N,0.522
209,I,0.718
210,K,0.688
211,L,-0.242
212,G,-0.229
213,N,-0.376
214,L,-0.133
215,S,-0.887
216,A,-0.383
217,L,-0.965
218,R,-0.910
219,T,-0.945
220,F,-0.841
221,R,-0.913
222,V,-0.932
223,L,-0.624
224,R,-0.901
225,A,-0.938
226,L,-0.739
227,K,-0.815
228,T,-0.799
229,I,-0.785
230,S,-0.894
231,V,-0.631
232,I,-0.439
233,P,-0.343
234,G,-0.963
235,L,-0.965
236,K,-0.900
237,T,-0.461
238,I,-0.939
239,V,-0.873
240,G,-0.577
241,A,-1.000
242,L,-0.965
243,I,-0.766
244,Q,-0.691
245,S,-1.006
246,V,-0.793
247,K,-0.105
248,K,-0.701
249,L,-0.965
250,A,-0.320
251,D,-0.640
252,V,-0.936
253,M,-0.795
254,V,-0.649
255,L,-0.965
256,T,-1.003
257,V,-0.432
258,F,-0.962
259,C,-0.953
260,L,-0.851
261,S,-0.881
262,V,-0.873
263,F,-0.847
264,A,-1.000
265,L,-0.857
266,I,-0.551
267,G,-0.737
268,L,-0.701
269,Q,-0.992
270,L,-0.851
271,F,-0.847
272,M,-0.758
273,G,-0.963
274,N,-0.405
275,L,-0.965
276,R,-0.563
277,H,0.237
278,K,-0.720
279,C,-0.953
280,V,-0.014
281,R,0.551
282,N,0.103
283,F,2.742
284,T,0.779
285,A,3.064
286,L,3.057
287,N,-0.219
288,G,2.143
289,T,-0.026
290,N,1.220
291,G,2.064
292,S,2.571
293,V,1.441
294,E,2.469
295,A,3.057
296,D,2.953
297,G,1.451
298,L,2.960
299,V,0.685
300,W,0.649
301,E,2.968
302,S,-0.178
303,L,2.983
304,D,2.352
305,L,3.007
306,Y,0.854
307,L,1.719
308,S,2.319
309,D,1.194
310,P,2.971
311,E,2.794
312,N,0.740
313,Y,1.304
314,L,2.695
315,L,1.938
316,K,-0.312
317,N,1.568
318,G,-0.205
319,T,-0.085
320,S,1.100
321,D,-0.605
322,V,0.275
323,L,-0.566
324,L,-0.232
325,C,-0.830
326,G,-0.602
327,N,-0.513
328,S,0.035
329,S,-0.465
330,D,-0.360
331,A,-0.126
332,G,-0.225
333,T,0.719
334,C,-0.831
335,P,-0.614
336,E,2.525
337,G,0.316
338,Y,0.462
339,R,3.015
340,C,-0.813
341,L,1.767
342,K,-0.441
343,A,0.021
344,G,-0.104
345,E,0.870
346,N,-0.941
347,P,-0.973
348,D,-0.706
349,H,-0.060
350,G,-0.480
351,Y,-0.485
352,T,-0.946
353,S,-0.900
354,F,-0.739
355,D,-0.920
356,S,-0.288
357,F,-0.963
358,A,0.034
359,W,-0.487
360,A,-0.748
361,F,-0.709
362,L,-0.862
363,A,-0.481
364,L,-0.487
365,F,-0.842
366,R,-0.841
367,L,-0.967
368,M,-0.798
369,T,-0.822
370,Q,-0.830
371,D,-0.921
372,C,0.440
373,W,-0.694
374,E,-0.797
375,R,-0.558
376,L,-0.735
377,Y,-0.406
378,Q,-0.564
379,Q,-0.486
380,T,-0.942
381,L,-0.967
382,R,-0.840
383,S,-0.498
384,A,-0.634
385,G,-0.965
386,K,-0.776
387,I,0.010
388,Y,-0.715
389,M,-0.476
390,I,0.188
391,F,-0.843
392,F,-0.852
393,M,-0.576
394,L,0.216
395,V,-0.941
396,I,-0.847
397,F,-0.852
398,L,-0.628
399,G,-0.855
400,S,-0.953
401,F,-0.852
402,Y,-0.844
403,L,-0.967
404,V,-0.431
405,N,-0.944
406,L,-0.967
407,I,-0.878
408,L,-0.967
409,A,-1.001
410,V,-1.001
411,V,-1.001
412,A,-0.713
413,M,-0.934
414,A,-0.877
415,Y,-0.818
416,E,-0.652
417,E,-0.831
418,Q,-0.922
419,N,-0.622
420,Q,-0.366
421,A,-0.785
422,T,-0.807
423,I,0.264
424,A,-0.578
425,E,-0.988
426,T,-0.654
427,E,-0.076
428,E,-0.365
429,K,-0.580
430,E,-0.804
431,K,-0.067
432,R,-0.121
433,F,-0.563
434,Q,-0.279
435,E,-0.081
436,A,-0.305
437,M,-0.342
438,E,-0.552
439,M,0.923
440,L,-0.472
441,K,-0.143
442,K,-0.125
443,E,-0.508
444,H,-0.351
445,E,-0.627
446,A,0.209
447,L,-0.331
448,T,0.643
449,I,0.821
450,R,1.337
451,G,0.699
452,V,1.036
453,D,-0.329
454,T,-0.101
455,V,1.101
456,S,-0.721
457,R,1.234
458,S,0.547
459,S,-0.802
460,L,0.942
461,E,0.576
462,M,1.633
463,S,-0.818
464,P,0.142
465,L,0.467
466,A,0.308
467,P,0.002
468,V,0.125
469,N,0.660
470,S,0.862
471,H,0.658
472,E,0.197
473,R,-0.015
474,R,0.317
475,S,0.201
476,K,0.112
477,R,0.494
478,R,-0.013
479,K,0.322
480,R,0.377
481,M,1.215
482,S,-0.513
483,S,1.017
484,G,0.840
485,T,0.969
486,E,0.736
487,E,0.845
488,C,2.639
489,G,1.011
490,E,1.108
491,D,0.653
492,R,1.299
493,L,1.863
494,P,1.239
495,K,0.580
496,S,-0.314
497,D,0.971
498,S,0.879
499,E,1.943
500,D,-0.167
501,G,0.222
502,P,1.693
503,R,0.621
504,A,0.657
505,M,0.788
506,N,0.408
507,H,0.941
508,L,0.250
509,S,0.424
510,L,1.363
511,T,2.299
512,R,2.833
513,G,1.477
514,L,1.184
515,S,0.865
516,R,2.876
517,T,0.915
518,S,0.806
519,M,1.681
520,K,0.046
521,P,-0.009
522,R,0.003
523,S,1.190
524,S,-0.637
525,R,0.282
526,G,0.579
527,S,-0.615
528,I,0.027
529,F,-0.220
530,T,0.102
531,F,-0.196
532,R,0.128
533,R,1.867
534,R,1.096
535,D,0.095
536,L,2.711
537,G,0.208
538,S,-0.670
539,E,0.548
540,A,0.632
541,D,0.199
542,F,1.107
543,A,0.542
544,D,0.220
545,D,-0.512
546,E,-0.129
547,N,1.784
548,S,-0.338
549,T,1.071
550,A,1.126
551,G,0.578
552,E,0.272
553,S,2.280
554,E,0.745
555,S,-0.272
556,H,0.628
557,R,0.223
558,T,0.824
559,S,-0.520
560,L,0.571
561,L,0.903
562,V,0.902
563,P,0.686
564,W,0.883
565,P,1.922
566,L,1.438
567,R,-0.169
568,R,1.038
569,T,2.313
570,S,-0.110
571,A,1.843
572,Q,0.613
573,G,0.088
574,Q,0.566
575,P,2.172
576,S,-0.218
577,P,1.219
578,G,0.752
579,T,-0.206
580,S,1.784
581,A,0.521
582,P,0.430
583,G,1.229
584,H,2.973
585,A,2.849
586,L,1.482
587,H,0.895
588,G,-0.016
589,K,0.689
590,K,2.015
591,N,0.642
592,S,0.239
593,T,0.969
594,V,0.408
595,D,0.222
596,C,1.007
597,N,0.351
598,G,-0.525
599,V,1.415
600,V,1.200
601,S,0.355
602,L,1.841
603,L,0.989
604,G,0.703
605,A,0.513
606,G,0.727
607,D,1.613
608,P,1.844
609,E,0.676
610,A,0.751
611,T,1.587
612,S,0.794
613,P,0.277
614,G,1.549
615,S,1.436
616,H,2.941
617,L,1.139
618,L,2.014
619,R,0.528
620,P,1.461
621,V,0.803
622,M,2.330
623,L,2.192
624,E,0.013
625,H,2.277
626,P,1.916
627,P,1.821
628,D,0.015
629,T,2.192
630,T,2.715
631,T,1.205
632,P,0.539
633,S,1.026
634,E,0.535
635,E,0.193
636,P,2.083
637,G,1.079
638,G,2.626
639,P,1.002
640,Q,1.631
641,M,0.939
642,L,-0.160
643,T,2.631
644,S,1.734
645,Q,1.185
646,A,2.247
647,P,0.951
648,C,-0.245
649,V,0.812
650,D,0.348
651,G,1.744
652,F,0.749
653,E,0.687
654,E,0.314
655,P,-0.083
656,G,2.829
657,A,0.466
658,R,0.311
659,Q,0.189
660,R,-0.735
661,A,-0.631
662,L,0.506
663,S,-0.814
664,A,-0.102
665,V,-0.447
666,S,-0.765
667,V,-0.213
668,L,0.057
669,T,-0.626
670,S,-0.368
671,A,0.210
672,L,0.287
673,E,-0.239
674,E,-0.701
675,L,-0.479
676,E,-0.896
677,E,-0.442
678,S,-0.744
679,R,0.972
680,H,0.528
681,K,0.128
682,C,-0.531
683,P,-0.186
684,P,-0.364
685,C,0.069
686,W,0.672
687,N,0.860
688,R,1.424
689,L,0.408
690,A,-0.663
691,Q,1.206
692,R,0.091
693,Y,0.076
694,L,-0.704
695,I,-0.451
696,W,-0.675
697,E,0.860
698,C,-0.711
699,C,0.256
700,P,-0.100
701,L,2.172
702,W,-0.898
703,M,0.869
704,S,0.540
705,I,-0.031
706,K,-0.892
707,Q,1.011
708,G,3.045
709,V,-0.510
710,K,0.939
711,L,3.050
712,V,0.421
713,V,-0.750
714,M,-0.172
715,D,-0.853
716,P,-0.974
717,F,-0.741
718,T,0.393
719,D,-0.766
720,L,-0.968
721,T,0.302
722,I,-0.822
723,T,-0.947
724,M,0.124
725,C,-0.956
726,I,-1.002
727,V,-0.816
728,L,-0.124
729,N,-0.945
730,T,-1.004
731,L,0.159
732,F,-0.848
733,M,-0.797
734,A,-0.754
735,L,-0.428
736,E,-0.825
737,H,-0.998
738,Y,-0.252
739,N,0.380
740,M,-1.000
741,T,-0.320
742,S,3.079
743,E,1.456
744,F,-0.849
745,E,0.794
746,E,2.740
747,M,-0.480
748,L,-0.752
749,Q,0.764
750,V,-0.047
751,G,-0.750
752,N,-0.944
753,L,0.326
754,V,-0.586
755,F,-0.850
756,T,-0.680
757,G,0.354
758,I,-0.790
759,F,-0.833
760,T,-0.631
761,A,-0.567
762,E,-0.989
763,M,-0.786
764,T,0.556
765,F,0.124
766,K,-0.906
767,I,-0.356
768,I,-0.751
769,A,-0.806
770,L,0.216
771,D,-0.658
772,P,-0.740
773,Y,-0.688
774,Y,0.194
775,Y,-0.706
776,F,-0.849
777,Q,-0.682
778,Q,0.271
779,G,0.794
780,W,-0.725
781,N,-0.885
782,I,-0.739
783,F,-0.842
784,D,-0.917
785,S,-0.375
786,I,0.104
787,I,-0.647
788,V,-0.874
789,I,0.330
790,L,-0.165
791,S,-0.955
792,L,-0.490
793,M,0.177
794,E,-0.618
795,L,-0.863
796,G,1.303
797,L,1.259
798,S,0.206
799,R,1.257
800,M,-0.111
801,S,-0.050
802,N,-0.281
803,L,-0.055
804,S,-0.395
805,V,-0.582
806,L,-0.487
807,R,-0.921
808,S,-0.530
809,F,-0.469
810,R,-0.915
811,L,-0.639
812,L,-0.754
813,R,-0.993
814,V,-0.937
815,F,-0.675
816,K,-0.900
817,L,-0.965
818,A,-0.942
819,K,-0.633
820,S,-0.884
821,W,-0.898
822,P,-0.871
823,T,-0.888
824,L,-0.733
825,N,-0.806
826,T,-0.518
827,L,-0.735
828,I,-0.849
829,K,-0.718
830,I,-1.002
831,I,-0.944
832,G,-0.400
833,N,-0.724
834,S,-0.942
835,V,-0.512
836,G,-0.728
837,A,-0.927
838,L,-0.962
839,G,-0.557
840,N,-0.944
841,L,-0.968
842,T,-1.004
843,L,-0.257
844,V,-0.937
845,L,-0.968
846,A,-0.683
847,I,-0.876
848,I,-0.652
849,V,-0.674
850,F,-0.854
851,I,-0.817
852,F,-0.965
853,A,-0.880
854,V,-0.865
855,V,-0.812
856,G,-0.966
857,M,-0.581
858,Q,-0.994
859,L,-0.750
860,F,-0.743
861,G,-0.373
862,K,0.934
863,N,1.226
864,Y,-0.729
865,S,2.886
866,E,3.020
867,L,2.265
868,R,0.695
869,D,-0.344
870,S,0.402
871,D,2.639
872,S,1.514
873,G,0.710
874,L,2.889
875,L,0.873
876,P,-0.456
877,R,-0.993
878,W,-0.898
879,H,-0.923
880,M,-0.926
881,M,1.935
882,D,-0.994
883,F,-0.965
884,F,-0.744
885,H,-0.998
886,A,-0.900
887,F,-0.965
888,L,-0.884
889,I,-0.461
890,I,-0.374
891,F,-0.965
892,R,-0.993
893,I,-0.818
894,L,-0.860
895,C,-0.956
896,G,-0.966
897,E,-0.911
898,W,-0.698
899,I,-0.877
900,E,-0.989
901,T,-0.596
902,M,-0.867
903,W,-0.689
904,D,-0.483
905,C,-0.956
906,M,-0.872
907,E,-0.036
908,V,-0.808
909,S,-0.263
910,G,0.732
911,Q,0.270
912,S,0.115
913,L,0.077
914,C,-0.956
915,L,-0.371
916,L,1.025
917,V,-0.614
918,F,-0.965
919,L,-0.623
920,L,0.078
921,V,-0.878
922,M,-0.816
923,V,-0.751
924,I,-0.718
925,G,-0.966
926,N,-0.881
927,L,-0.860
928,V,-0.867
929,V,-0.815
930,L,-0.861
931,N,-0.884
932,L,-0.860
933,F,-0.965
934,L,-0.747
935,A,-0.863
936,L,-0.968
937,L,-0.861
938,L,-0.848
939,S,-0.756
940,S,-1.004
941,F,-0.965
942,S,-0.889
943,A,-0.351
944,D,-0.694
945,N,-0.428
946,L,-0.861
947,T,0.237
948,A,-0.027
949,P,0.015
950,D,-0.352
951,E,0.175
952,D,-0.739
953,R,0.426
954,E,-0.423
955,M,0.256
956,N,-0.797
957,N,-0.685
958,L,-0.646
959,Q,-0.502
960,L,-0.052
961,A,-0.816
962,L,0.032
963,A,0.089
964,R,-0.769
965,I,-0.502
966,Q,0.634
967,R,1.038
968,G,0.127
969,L,0.618
970,R,1.956
971,F,2.799
972,V,1.074
973,K,1.204
974,R,2.691
975,T,1.107
976,T,2.251
977,W,2.237
978,D,1.135
979,F,1.001
980,C,1.383
981,C,2.560
982,G,1.401
983,L,2.759
984,L,1.323
985,R,2.655
986,Q,1.558
987,R,2.801
988,P,2.891
989,Q,1.965
990,K,1.043
991,P,1.335
992,A,1.588
993,A,0.707
994,L,1.942
995,A,0.597
996,A,0.962
997,Q,2.435
998,G,2.702
999,Q,0.897
1000,L,2.833
1001,P,0.222
1002,S,0.272
1003,C,0.224
1004,I,0.633
1005,A,0.652
1006,T,0.844
1007,P,-0.250
1008,Y,1.198
1009,S,1.666
1010,P,0.961
1011,P,1.047
1012,P,-0.149
1013,P,1.389
1014,E,0.506
1015,T,2.950
1016,E,2.601
1017,K,2.500
1018,V,1.958
1019,P,2.345
1020,P,1.448
1021,T,2.608
1022,R,1.719
1023,K,-0.093
1024,E,0.191
1025,T,1.994
1026,R,0.891
1027,F,2.812
1028,E,2.408
1029,E,1.241
1030,G,2.913
1031,E,1.037
1032,Q,0.422
1033,P,0.891
1034,G,2.445
1035,Q,1.399
1036,G,1.008
1037,T,2.909
1038,P,2.137
1039,G,2.900
1040,D,-0.454
1041,P,1.173
1042,E,0.974
1043,P,0.339
1044,V,-0.260
1045,C,0.158
1046,V,-0.870
1047,P,-0.841
1048,I,-0.785
1049,A,-0.835
1050,V,0.278
1051,A,0.204
1052,E,-0.602
1053,S,-0.566
1054,D,-0.502
1055,T,0.322
1056,D,-0.047
1057,D,0.311
1058,Q,2.045
1059,E,-0.128
1060,E,0.984
1061,D,0.599
1062,E,0.777
1063,E,1.177
1064,N,1.617
1065,S,0.261
1066,L,2.505
1067,G,1.498
1068,T,0.057
1069,E,1.328
1070,E,1.185
1071,E,0.356
1072,S,2.661
1073,S,0.126
1074,K,0.079
1075,Q,1.582
1076,E,1.636
1077,S,1.536
1078,Q,2.490
1079,P,2.753
1080,V,1.856
1081,S,1.765
1082,G,2.217
1083,G,2.838
1084,P,2.896
1085,E,2.717
1086,A,3.077
1087,P,2.588
1088,P,1.931
1089,D,1.640
1090,S,2.780
1091,R,1.719
1092,T,1.747
1093,W,1.242
1094,S,-0.048
1095,Q,1.246
1096,V,2.810
1097,S,0.096
1098,A,1.487
1099,T,3.037
1100,A,0.561
1101,S,0.505
1102,S,1.127
1103,E,1.226
1104,A,2.592
1105,E,0.821
1106,A,2.704
1107,S,2.859
1108,A,2.405
1109,S,3.008
1110,Q,2.457
1111,A,1.442
1112,D,0.723
1113,W,2.521
1114,R,0.805
1115,Q,2.459
1116,Q,1.800
1117,W,3.063
1118,K,1.250
1119,A,2.861
1120,E,2.861
1121,P,2.857
1122,Q,1.120
1123,A,1.296
1124,P,2.236
1125,G,3.057
1126,C,2.839
1127,G,3.050
1128,E,2.823
1129,T,3.080
1130,P,0.784
1131,E,1.583
1132,D,1.497
1133,S,-0.576
1134,C,0.435
1135,S,-0.893
1136,E,-0.592
1137,G,-0.157
1138,S,-0.890
1139,T,-0.799
1140,A,-0.433
1141,D,-0.761
1142,M,1.132
1143,T,0.836
1144,N,-0.064
1145,T,-0.062
1146,A,0.375
1147,E,-0.039
1148,L,0.354
1149,L,0.511
1150,E,0.518
1151,Q,0.300
1152,I,0.124
1153,P,0.336
1154,D,-0.247
1155,L,0.574
1156,G,0.317
1157,Q,0.152
1158,D,0.248
1159,V,1.029
1160,K,0.497
1161,D,-0.055
1162,P,-0.974
1163,E,0.456
1164,D,0.240
1165,C,-0.804
1166,F,-0.347
1167,T,0.026
1168,E,-0.261
1169,G,1.115
1170,C,-0.066
1171,V,0.882
1172,R,0.533
1173,R,1.324
1174,C,0.533
1175,P,-0.063
1176,C,-0.145
1177,C,0.247
1178,A,2.977
1179,V,0.495
1180,D,0.423
1181,T,0.364
1182,T,0.763
1183,Q,1.573
1184,A,1.808
1185,P,0.676
1186,G,-0.195
1187,K,1.198
1188,V,2.346
1189,W,-0.183
1190,W,-0.241
1191,R,0.256
1192,L,0.018
1193,R,-0.993
1194,K,-0.498
1195,T,-0.454
1196,C,-0.581
1197,Y,0.906
1198,H,0.887
1199,I,-0.882
1200,V,-0.879
1201,E,-0.525
1202,H,-0.926
1203,S,-0.417
1204,W,-0.228
1205,F,-0.965
1206,E,-0.989
1207,T,-0.504
1208,F,-0.715
1209,I,-0.881
1210,I,-0.315
1211,F,-0.845
1212,M,-0.707
1213,I,-1.002
1214,L,-0.860
1215,L,-0.722
1216,S,-1.007
1217,S,-0.897
1218,G,-0.657
1219,A,-0.360
1220,L,-0.968
1221,A,-0.601
1222,F,-0.832
1223,E,-0.988
1224,D,-0.993
1225,I,-0.062
1226,Y,-0.056
1227,L,-0.522
1228,E,0.310
1229,E,0.775
1230,R,-0.455
1231,K,0.962
1232,T,0.718
1233,I,-0.335
1234,K,-0.472
1235,V,0.783
1236,L,0.650
1237,L,-0.857
1238,E,0.307
1239,Y,0.227
1240,A,-0.235
1241,D,-0.923
1242,K,-0.038
1243,M,0.154
1244,F,-0.844
1245,T,-0.874
1246,Y,-0.011
1247,V,-0.348
1248,F,-0.964
1249,V,-0.226
1250,L,-0.242
1251,E,-0.988
1252,M,-0.999
1253,L,-0.236
1254,L,-0.862
1255,K,-0.986
1256,W,-0.897
1257,V,-0.620
1258,A,-0.875
1259,Y,-0.226
1260,G,-0.856
1261,F,-0.738
1262,K,0.307
1263,K,-0.107
1264,Y,-0.960
1265,F,-0.964
1266,T,-1.004
1267,N,-0.825
1268,A,-0.549
1269,W,-0.897
1270,C,-0.816
1271,W,-0.417
1272,L,-0.967
1273,D,-0.922
1274,F,-0.853
1275,L,0.065
1276,I,-0.943
1277,V,-0.805
1278,D,-0.071
1279,V,-0.816
1280,S,-0.953
1281,L,0.004
1282,V,0.460
1283,S,-0.761
1284,L,-0.628
1285,V,0.491
1286,A,-0.472
1287,N,-0.343
1288,T,1.148
1289,L,-0.396
1290,G,0.281
1291,F,0.705
1292,A,-0.536
1293,E,0.287
1294,M,1.249
1295,G,0.967
1296,P,0.553
1297,I,-0.415
1298,K,-0.876
1299,S,-0.883
1300,L,-0.845
1301,R,-0.918
1302,T,-0.943
1303,L,-0.858
1304,R,-0.993
1305,A,-1.001
1306,L,-0.967
1307,R,-0.993
1308,P,-0.869
1309,L,-0.967
1310,R,-0.993
1311,A,-0.878
1312,L,-0.744
1313,S,-1.007
1314,R,-0.920
1315,F,-0.845
1316,E,-0.820
1317,G,-0.857
1318,M,-0.937
1319,R,-0.845
1320,V,-0.915
1321,V,-0.999
1322,V,-0.930
1323,N,-0.722
1324,A,-0.935
1325,L,-0.963
1326,V,0.145
1327,G,-0.525
1328,A,-0.935
1329,I,-0.866
1330,P,-0.970
1331,S,-0.949
1332,I,-0.935
1333,M,-0.591
1334,N,-0.866
1335,V,-0.931
1336,L,-0.849
1337,L,-0.729
1338,V,-0.934
1339,C,-0.788
1340,L,-0.739
1341,I,-0.873
1342,F,-0.836
1343,W,-0.891
1344,L,-0.963
1345,I,-0.864
1346,F,-0.843
1347,S,-0.948
1348,I,-0.937
1349,M,-0.703
1350,G,-0.961
1351,V,-0.934
1352,N,-0.798
1353,L,-0.242
1354,F,-0.960
1355,A,-0.616
1356,G,-0.961
1357,K,-0.722
1358,F,-0.723
1359,G,1.225
1360,R,0.360
1361,C,-0.823
1362,I,-0.015
1363,N,-0.677
1364,Q,2.839
1365,T,-0.623
1366,E,0.637
1367,G,1.793
1368,D,1.234
1369,L,1.118
1370,P,1.343
1371,L,0.641
1372,N,0.729
1373,Y,3.047
1374,T,0.539
1375,I,1.916
1376,V,-0.561
1377,N,-0.194
1378,N,-0.474
1379,K,1.512
1380,S,0.122
1381,Q,1.412
1382,C,-0.951
1383,E,3.073
1384,S,2.995
1385,L,2.237
1386,N,-0.563
1387,L,2.815
1388,T,-0.506
1389,G,0.592
1390,E,1.307
1391,L,1.076
1392,Y,0.225
1393,W,-0.891
1394,T,0.203
1395,K,-0.161
1396,V,-0.265
1397,K,-0.504
1398,V,-0.709
1399,N,-0.936
1400,F,-0.843
1401,D,-0.840
1402,N,-0.874
1403,V,-0.934
1404,G,-0.623
1405,A,0.085
1406,G,-0.737
1407,Y,-0.665
1408,L,-0.963
1409,A,-0.664
1410,L,-0.963
1411,L,-0.849
1412,Q,-0.892
1413,V,-0.863
1414,A,-0.861
1415,T,-0.941
1416,F,-0.718
1417,K,-0.545
1418,G,-0.960
1419,W,-0.885
1420,M,-0.854
1421,D,-0.238
1422,I,-0.868
1423,M,-0.925
1424,Y,-0.301
1425,A,-0.785
1426,A,-0.931
1427,V,-0.998
1428,D,-0.913
1429,S,-0.673
1430,R,-0.490
1431,G,1.395
1432,Y,2.317
1433,E,0.452
1434,E,2.101
1435,Q,-0.991
1436,P,-0.970
1437,Q,2.134
1438,W,0.130
1439,E,-0.985
1440,Y,2.267
1441,N,-0.274
1442,L,0.257
1443,Y,-0.691
1444,M,-0.655
1445,Y,-0.956
1446,I,-0.271
1447,Y,-0.833
1448,F,-0.960
1449,V,-0.792
1450,I,0.013
1451,F,-0.960
1452,I,-1.000
1453,I,-0.937
1454,F,-0.699
1455,G,-0.962
1456,S,-0.793
1457,F,-0.960
1458,F,-0.960
1459,T,-0.942
1460,L,-0.851
1461,N,-1.000
1462,L,-0.963
1463,F,-0.960
1464,I,-0.869
1465,G,-0.846
1466,V,-0.999
1467,I,-1.000
1468,I,-1.000
1469,D,-0.991
1470,N,-0.936
1471,F,-0.836
1472,N,-0.938
1473,Q,-0.831
1474,Q,-0.913
1475,K,-0.809
1476,K,-0.651
1477,K,-0.871
1478,L,2.816
1479,G,2.426
1480,G,-0.840
1481,Q,-0.174
1482,D,-0.741
1483,I,-0.751
1484,F,-0.841
1485,M,-0.740
1486,T,-0.942
1487,E,-0.819
1488,E,-0.693
1489,Q,-0.991
1490,K,-0.622
1491,K,-0.689
1492,Y,-0.830
1493,Y,-0.657
1494,N,-0.870
1495,A,-0.869
1496,M,-0.859
1497,K,-0.982
1498,K,-0.807
1499,L,-0.721
1500,G,-0.665
1501,S,-0.827
1502,K,-0.802
1503,K,-0.800
1504,P,-0.858
1505,Q,-0.737
1506,K,-0.710
1507,P,-0.712
1508,I,-0.871
1509,P,-0.841
1510,R,-0.913
1511,P,-0.863
1512,L,0.724
1513,N,-0.873
1514,K,0.201
1515,Y,0.639
1516,Q,-0.782
1517,G,-0.392
1518,F,-0.092
1519,I,0.478
1520,F,-0.539
1521,D,-0.829
1522,I,0.260
1523,V,-0.700
1524,T,-0.746
1525,K,1.124
1526,Q,-0.809
1527,A,0.116
1528,F,-0.960
1529,D,-0.898
1530,V,-0.410
1531,T,2.655
1532,I,-0.868
1533,M,-0.682
1534,F,0.114
1535,L,-0.846
1536,I,-0.999
1537,C,-0.153
1538,L,-0.730
1539,N,-1.000
1540,M,-0.927
1541,V,-0.006
1542,T,-0.719
1543,M,-0.927
1544,M,-0.836
1545,V,-0.833
1546,E,-0.985
1547,T,-0.780
1548,D,-0.526
1549,D,0.138
1550,Q,-0.897
1551,S,-0.880
1552,P,2.647
1553,E,0.793
1554,K,-0.230
1555,I,0.278
1556,N,1.834
1557,I,0.383
1558,L,-0.957
1559,A,0.394
1560,K,0.946
1561,I,-0.604
1562,N,-0.929
1563,L,0.081
1564,L,0.156
1565,F,-0.826
1566,V,-0.625
1567,A,-0.170
1568,I,-0.516
1569,F,-0.954
1570,T,-0.664
1571,G,1.145
1572,T,-0.860
1573,V,-0.289
1574,L,0.140
1575,S,0.562
1576,D,-0.745
1577,I,0.238
1578,I,0.963
1579,Q,-0.716
1580,K,1.073
1581,Y,-0.842
1582,F,0.167
1583,F,-0.827
1584,S,-0.480
1585,P,0.264
1586,T,-0.184
1587,L,0.112
1588,F,-0.616
1589,R,0.411
1590,V,-0.182
1591,I,0.118
1592,R,0.033
1593,L,-0.011
1594,A,-0.204
1595,R,-0.047
1596,I,-0.238
1597,G,0.547
1598,R,0.233
1599,I,0.300
1600,L,0.085
1601,R,0.233
1602,L,-0.617
1603,I,-0.238
1604,R,-0.703
1605,G,-0.057
1606,A,-0.737
1607,K,-0.125
1608,G,-0.620
1609,I,-0.732
1610,R,-0.703
1611,T,-0.753
1612,L,-0.617
1613,L,-0.617
1614,F,-0.616
1615,A,-0.737
1616,L,-0.617
1617,M,-0.740
1618,M,-0.740
1619,S,-0.764
1620,L,-0.617
1621,P,-0.645
1622,A,-0.209
1623,L,-0.617
1624,F,-0.616
1625,N,-0.749
1626,I,-0.732
1627,G,-0.620
1628,L,-0.617
1629,L,-0.617
1630,L,-0.617
1631,F,-0.616
1632,L,-0.617
1633,V,-0.223
1634,M,-0.740
1635,F,-0.616
1636,I,-0.732
1637,Y,-0.606
1638,S,-0.242
1639,I,-0.732
1640,F,-0.616
1641,G,-0.620
1642,M,-0.740
1643,A,0.415
1644,N,-0.225
1645,F,-0.616
1646,A,0.971
1647,Y,0.859
1648,V,-0.724
1649,K,-0.675
1650,W,1.048
1651,E,0.032
1652,A,-0.209
1653,G,-0.620
1654,I,-0.732
1655,D,-0.700
1656,D,-0.700
1657,M,-0.223
1658,F,-0.616
1659,N,-0.749
1660,F,-0.616
1661,Q,0.547
1662,T,-0.753
1663,F,-0.616
1664,A,-0.204
1665,N,-0.058
1666,S,-0.764
1667,M,-0.740
1668,L,-0.617
1669,C,-0.601
1670,L,-0.617
1671,F,-0.616
1672,Q,-0.713
1673,I,-0.732
1674,T,-0.753
1675,T,-0.753
1676,S,-0.764
1677,A,-0.737
1678,G,-0.620
1679,W,-0.494
1680,D,-0.700
1681,G,0.013
1682,L,-0.617
1683,L,-0.617
1684,S,-0.282
1685,P,-0.645
1686,I,-0.164
1687,L,-0.617
1688,N,-0.065
1689,T,-0.263
1690,G,0.338
1691,P,0.361
1692,P,-0.082
1693,Y,0.272
1694,C,-0.601
1695,D,-0.261
1696,P,-0.261
1697,T,-0.261
1698,L,-0.261
1699,P,-0.261
1700,N,-0.261
1701,S,-0.261
1702,N,-0.749
1703,G,0.032
1704,S,-0.214
1705,R,-0.047
1706,G,0.088
1707,D,-0.186
1708,C,-0.601
1709,G,0.342
1710,S,-0.060
1711,P,-0.082
1712,A,-0.737
1713,V,-0.223
1714,G,0.013
1715,I,-0.166
1716,L,0.376
1717,F,0.030
1718,F,-0.616
1719,T,-0.077
1720,T,-0.263
1721,Y,-0.606
1722,I,-0.732
1723,I,-0.732
1724,I,-0.732
1725,S,-0.764
1726,F,-0.616
1727,L,-0.617
1728,I,-0.732
1729,V,-0.724
1730,V,-0.724
1731,N,-0.749
1732,M,-0.740
1733,Y,-0.606
1734,I,-0.732
1735,A,-0.737
1736,I,-0.147
1737,I,-0.732
1738,L,-0.617
1739,E,-0.679
1740,N,-0.749
1741,F,-0.616
1742,S,-0.255
1743,V,-0.001
1744,A,-0.737
1745,T,-0.753
1746,E,-0.679
1747,E,-0.679
1748,S,-0.764
1749,T,0.088
1750,E,-0.132
1751,P,-0.645
1752,L,-0.617
1753,S,-0.172
1754,E,-0.679
1755,D,-0.700
1756,D,-0.700
1757,F,-0.616
1758,D,-0.158
1759,M,-0.740
1760,F,-0.616
1761,Y,-0.606
1762,E,-0.679
1763,I,0.372
1764,W,-0.494
1765,E,-0.679
1766,K,-0.675
1767,F,-0.616
1768,D,-0.700
1769,P,-0.645
1770,E,-0.679
1771,A,-0.737
1772,T,-0.753
1773,Q,-0.713
1774,F,-0.616
1775,I,-0.732
1776,E,0.940
1777,Y,0.057
1778,S,-0.764
1779,V,-0.154
1780,L,-0.617
1781,S,-0.764
1782,D,-0.700
1783,F,-0.616
1784,A,-0.737
1785,D,-0.700
1786,A,-0.193
1787,L,-0.617
1788,S,-0.201
1789,E,0.044
1790,P,-0.645
1791,L,-0.617
1792,R,-0.092
1793,I,-0.238
1794,A,-0.087
1795,K,-0.675
1796,P,-0.645
1797,N,-0.749
1798,Q,-0.129
1799,I,1.160
1800,S,1.301
1801,L,0.058
1802,I,-0.079
1803,N,1.310
1804,M,-0.740
1805,D,-0.700
1806,L,-0.617
1807,P,-0.645
1808,M,-0.199
1809,V,-0.724
1810,S,-0.170
1811,G,-0.620
1812,D,-0.700
1813,R,-0.127
1814,I,0.447
1815,H,-0.732
1816,C,-0.601
1817,M,0.057
1818,D,-0.700
1819,I,-0.732
1820,L,-0.617
1821,F,-0.616
1822,A,-0.737
1823,F,-0.616
1824,T,-0.753
1825,K,-0.009
1826,R,-0.127
1827,V,-0.724
1828,L,-0.617
1829,G,-0.620
1830,E,-0.679
1831,S,-0.764
1832,G,-0.009
1833,E,0.032
1834,M,0.057
1835,D,-0.700
1836,A,0.266
1837,L,0.056
1838,K,-0.675
1839,I,0.260
1840,Q,1.137
1841,M,-0.740
1842,E,-0.679
1843,E,-0.679
1844,K,-0.675
1845,F,-0.616
1846,M,-0.740
1847,A,-0.086
1848,A,-0.193
1849,N,-0.749
1850,P,0.014
1851,S,-0.157
1852,K,-0.675
1853,I,1.259
1854,S,-0.060
1855,Y,-0.606
1856,E,-0.679
1857,P,-0.645
1858,I,-0.732
1859,T,-0.162
1860,T,-0.619
1861,T,-0.619
1862,L,-0.497
1863,R,-0.574
1864,R,0.363
1865,K,-0.547
1866,H,0.093
1867,E,-0.548
1868,E,0.111
1869,V,0.034
1870,S,-0.626
1871,A,-0.600
1872,M,0.213
1873,V,-0.584
1874,I,-0.592
1875,Q,-0.589
1876,R,0.128
1877,A,-0.600
1878,F,0.272
1879,R,-0.574
1880,R,0.398
1881,H,0.162
1882,L,0.211
1883,L,0.408
1884,Q,0.093
1885,R,-0.574
1886,S,-0.626
1887,L,-0.497
1888,K,-0.261
1889,H,-0.261
1890,A,-0.261
1891,S,-0.261
1892,F,-0.261
1893,L,0.352
1894,F,0.311
1895,R,0.398
1896,Q,0.475
1897,Q,0.560
1898,A,0.127
1899,G,-0.505
1900,S,0.615
1901,G,0.744
1902,L,0.568
1903,S,0.615
1904,E,-0.548
1905,E,-0.548
1906,D,-0.567
1907,A,-0.600
1908,P,-0.528
1909,E,0.111
1910,R,-0.261
1911,E,-0.548
1912,G,-0.505
1913,L,0.311
1914,I,0.034
1915,A,-0.600
1916,Y,0.777
1917,V,0.237
1918,M,0.553
1919,S,0.056
1920,E,-0.548
1921,N,-0.622
1922,F,0.272
1923,S,-0.261
1924,R,-0.261
1925,P,-0.261
1926,L,0.352
1927,G,1.020
1928,P,-0.528
1929,P,0.872
1930,S,0.705
1931,S,-0.626
1932,S,0.705
1933,S,0.080
1934,I,0.594
1935,S,-0.626
1936,S,0.127
1937,T,-0.619
1938,S,-0.626
1939,F,-0.502
1940,P,-0.528
1941,P,-0.528
1942,S,-0.626
1943,Y,-0.495
1944,D,-0.567
1945,S,-0.626
1946,V,-0.584
1947,T,-0.619
1948,R,-0.574
1949,A,0.295
1950,T,0.724
1951,S,0.056
1952,D,0.395
1953,N,0.603
1954,L,0.352
1955,Q,0.475
1956,V,0.237
1957,R,0.398
1958,G,0.659
1959,S,-0.626
1960,D,0.525
1961,Y,0.478
1962,S,0.671
1963,H,0.093
1964,S,0.056
1965,E,-0.548
1966,D,-0.567
1967,L,-0.261
1968,A,-0.261
1969,D,-0.261
1970,F,-0.261
1971,P,-0.261
1972,P,-0.261
1973,S,-0.261
1974,P,-0.261
1975,D,-0.261
1976,R,-0.261
1977,D,-0.261
1978,R,-0.261
1979,E,-0.261
1980,S,-0.261
1981,I,-0.261
1982,V,-0.261
