ConsensusAA,ChangeAA,Position,Pred_Prob
A,E,344,0.9767275888225978
L,H,342,0.9715019810185382
K,T,318,0.9558259290805772
P,S,320,0.8664612629965692
F,Y,339,0.8569146307051925
Q,P,321,0.8511544566907027
I,M,337,0.7577776747461622
Q,E,357,0.6954584573006235
S,P,253,0.6492444766564134
A,T,329,0.6442130925932215
W,R,248,0.6146553135306464
R,S,243,0.5955212032105417
G,S,179,0.5946944203071259
K,T,196,0.5874822203576381
L,F,175,0.586600924917679
I,S,268,0.5865560410996842
I,V,268,0.5865560410996842
A,T,178,0.5862031110283535
Q,P,234,0.5855230963693511
Q,R,234,0.5855230963693511
Q,L,234,0.5855230963693511
A,E,302,0.5849343765363823
Y,F,267,0.5841808555221335
A,P,194,0.5818362164381803
A,E,300,0.580315602880728
A,T,300,0.580315602880728
L,P,131,0.5795140587641859
R,P,190,0.5793101722133673
A,V,226,0.5787915222518618
P,S,197,0.5785166830241697
P,L,197,0.5785166830241697
P,H,197,0.5785166830241697
I,V,274,0.5773847258892942
L,P,273,0.5752386642146722
V,M,165,0.5737692362504465
V,E,280,0.5690095277558009
V,G,215,0.5659787384758139
E,K,284,0.5657714532467976
P,A,369,0.5646540290386761
S,F,217,0.5641816411745577
A,P,283,0.5633480000202057
A,G,283,0.5633480000202057
A,P,371,0.5562652105604179
A,E,287,0.5548787334005917
G,D,292,0.5516236591786676
V,M,162,0.5485375067835621
K,E,218,0.5467673578767768
W,R,379,0.5464425831050743
R,W,380,0.5462739074986412
T,M,169,0.5409650726183969
H,L,126,0.5387441382731131
V,M,288,0.5353279330584566
S,F,143,0.5322011196757965
V,M,172,0.5297991153369715
T,A,144,0.525559869433345
P,S,441,0.5177772384160267
Q,L,544,0.5165713341969691
S,A,389,0.5153017576429969
S,D,389,0.5153017576429969
M,T,210,0.5113403098809362
G,R,119,0.5001370007587199
K,M,393,0.5000967523094494
K,N,393,0.5000967523094494
Q,P,530,0.49655025001565295
R,W,397,0.4924587735355365
V,I,541,0.4922324467337622
N,S,429,0.4917984129228049
S,Y,566,0.4902927761266458
R,H,116,0.48850200662251203
K,R,398,0.4841797062616831
R,Q,539,0.4827861769398671
R,Q,401,0.4799729906668545
R,W,401,0.4799729906668545
R,Q,533,0.4789984888711915
R,W,533,0.4789984888711915
T,M,153,0.4641398053551689
E,K,290,0.4616652890723656
P,R,99,0.4607080275118262
D,E,488,0.45741434941177
V,I,110,0.4572892134125787
R,H,519,0.4571050981596863
R,C,519,0.4571050981596863
P,L,81,0.4522660321419405
R,Q,451,0.4499720950328211
R,W,451,0.4499720950328211
A,P,486,0.4473689180102969
R,Q,511,0.4472651067654861
K,E,526,0.44336506900624334
K,N,526,0.44336506900624334
S,P,92,0.4411361007019877
R,Q,452,0.4394550251311905
R,W,452,0.4394550251311905
R,P,518,0.4362339845569053
R,X,518,0.4362339845569053
R,G,518,0.4362339845569053
R,Q,518,0.4362339845569053
N,S,483,0.43066988383612
P,S,7,0.4278886658892614
R,H,583,0.4223352106274919
S,R,27,0.4177485047576149
S,T,463,0.4169368665392713
E,K,578,0.4146657496533443
P,S,64,0.4132247126301164
P,H,447,0.4129629990376472
G,R,22,0.4084124751489371
A,P,590,0.4067175234262034
A,T,590,0.4067175234262034
R,C,293,0.4060753192031591
P,A,59,0.4023414644441843
G,S,460,0.4020185575586518
K,R,13,0.3964474650040301
T,M,600,0.3952309786078201
Q,L,604,0.39279774938485584
T,S,513,0.391511828601349
P,T,61,0.3913630697984912
E,K,11,0.3867864922313545
D,N,611,0.3862496446892674
T,N,610,0.3824047584726663
P,T,73,0.38196623137760416
A,D,10,0.37705394292253136
Y,X,662,0.37129315381382544
T,P,666,0.37065791872466014
P,L,448,0.3695777766149523
P,Q,448,0.3695777766149523
E,G,450,0.36925893665944415
M,I,612,0.36593609317434056
A,G,3,0.3651245491434344
A,T,46,0.3630971270477748
P,R,84,0.3588465811589239
A,V,2,0.35882882069301913
L,P,187,0.3515703299994441
D,N,673,0.3502403219262853
N,S,657,0.3495393178004782
C,W,642,0.3176628201920982
S,F,77,0.31533733217708804
L,V,608,0.31431782495724403
V,I,241,0.3142929962837283
V,F,241,0.3142929962837283
R,W,195,0.3059986191769793
R,Q,195,0.3059986191769793
G,S,626,0.3057946439780603
R,H,192,0.30353125727808183
R,C,192,0.30353125727808183
P,T,70,0.29207215397581604
L,H,374,0.2864280094041101
V,D,106,0.2855181283633789
G,R,635,0.283531909061487
G,S,629,0.276557565088084
P,A,400,0.2741653956408162
T,I,432,0.2610079635067258
V,I,576,0.2544334887815605
S,N,402,0.252074110851992
A,G,399,0.2449512755199019
G,S,621,0.2440769863900193
R,Q,507,0.24259086868625035
R,P,594,0.23930217098726625
T,N,658,0.2374701218727739
M,V,476,0.22963261232669224
L,M,619,0.2286028926676871
P,H,660,0.21998472586935067
V,M,667,0.2191683772321268
