Position,Numerator,Denominator
4,4.147770292,66946
6,3.182074987,36824
12,3,39990
24,1,211974
26,11,248138
27,1,220356
29,2,222146
37,1,226370
38,6,256740
40,1,225232
48,2,213542
56,1,191342
57,1,249182
61,1,249200
62,1,249204
66,2,249216
68,1.000008025,249218
73,1,249224
76,3,280598
77,1,249222
78,1,249214
86,4,249220
87,1,31404
91,1,249224
93,1,237902
97,1,239372
98,1,238844
101,1,214234
108,5.011810398,176636
110,1,177794
113,1,178786
114,6.706496815,179184
118,1,177982
122,4,174666
127,1,168088
128,1,167572
129,1,245832
134,2,247500
137,7.000177604,247764
138,3,247924
144,1,247532
145,1,247478
152,1,245508
154,1,244354
156,2,246118
157,4,246500
159,8.892095038,247796
163,2,248584
164,2,248518
169,1,248902
170,1,248968
177,1,31386
181,1,248890
185,1,248578
186,6,248524
193,1,249230
199,3,249210
200,1,249214
203,1,249198
206,2,249192
208,1,249196
209,4,249184
210,7,280608
214,8.932696593,249166
217,50,280568
228,1,248874
229,2,248926
237,1,249110
240,3,280520
241,1,249108
243,1,249096
246,3,280466
247,2.000016062,249040
248,1,248980
257,3,248188
259,1,249052
261,2,249098
262,1,31400
263,1,249124
266,7.125909157,280500
270,1,249160
272,12.12573351,280472
279,10.93614174,249052
283,1,248868
284,2,247424
285,1,248026
289,3,248418
290,1,248586
294,3,248854
295,1,248884
296,1,248814
298,38.00117707,280366
299,1,248936
302,1,248902
303,2,31394
304,1,248916
305,1,248876
306,2,248918
309,39,280272
310,1,248822
314,1,248772
317,10.12628346,280154
318,8.919941405,248702
323,2.000499026,248608
328,3,248122
332,1,31390
333,22,247496
341,102,280324
342,2,280328
343,1,248978
348,3,248938
354,1,248910
356,1,248834
357,4,248800
360,1,248814
362,1,31388
364,2,279934
366,1,31390
369,1,247912
372,4,246216
378,1,244126
379,83.12960563,273656
382,21,272778
383,1,241084
384,1,241318
385,6,238636
387,2,226898
388,5.14376816,223550
389,12.90194717,241392
391,1,248902
392,2,280390
395,1,249002
403,5.126087131,280452
406,6,280428
413,1,249064
414,3,280416
415,34,249060
416,8.929249188,249026
417,12.00059914,280428
420,3,249018
422,1,249002
424,10.92987708,249014
427,2.0001205,248992
428,2,248928
435,8,243226
440,11.13120059,278008
442,4,278742
444,5,247590
446,5.253254037,279230
448,5.379004547,279928
449,7.000120679,248600
451,1,248604
452,13,279996
453,20.04434677,280026
457,1,248686
460,3,280054
461,1,248636
464,14.00005631,248638
466,32.50490933,280104
467,2,248706
468,1,248724
469,4.252151934,280090
470,1,248708
475,8.000032171,248680
484,1,248336
487,1,248162
498,5,224430
500,1,235284
502,5.37935588,276384
504,30.12873814,276814
506,1,246442
507,1347,279102
509,1,31378
512,1,248524
517,1,248672
520,4.000241313,248670
521,19,248714
524,1,248728
525,12.94817891,280078
526,1,248666
527,1,248694
528,1,248676
529,1,248672
532,2,248594
534,1,248534
538,1,31320
539,1,248646
547,1,248916
551,1,248910
555,1,248726
556,2,280000
557,1,248572
559,6,248544
560,2,248318
565,1,245554
566,3,276526
567,3.012074406,243748
591,2,173406
594,1,168284
597,5,165272
598,3,164046
600,2,160422
608,32,183406
610,1,31352
613,1,215484
615,1,223274
617,1,229630
622,2.002768374,240516
626,4.003175072,244032
630,8.84109589,246132
634,1,247224
635,2,247416
637,2.000250353,247712
643,2,248360
646,2,248498
647,45.50567423,279906
651,2,248502
652,1,248454
658,11,280302
659,2,248898
663,8,248990
669,1,249266
670,1,249274
672,1,249274
675,2,249280
677,1,249282
680,12,249298
682,13,280706
683,7,280708
694,3,249290
698,1,249296
700,1,249288
701,5.125940664,280688
702,17,249290
705,1,249290
708,2.000032094,249276
709,1,249278
713,1,249224
716,9.940411701,249186
719,1,249096
721,1,249016
725,5,248770
730,4,248596
731,1,248538
735,1,245636
738,1,247624
739,1,247952
740,1,248492
741,2.000756491,248704
742,6.127092496,280032
751,1,31398
754,2,249190
756,56,280616
758,1,249244
759,11,280652
760,1,249254
763,2,280666
765,6.000024071,249268
767,4,280680
768,1,249278
769,2,249262
770,1,249274
774,1,249282
775,1,249272
778,1,249280
783,3,249286
784,4,249286
785,1,249288
786,11,249282
788,10.93702241,249286
792,4,280668
793,1,249260
794,2,249260
797,24.12599095,280660
798,4,280664
799,1,249248
800,2.002986565,229038
801,11.43330767,233128
803,1,238426
804,32,270892
806,2,241956
807,4.133006181,275674
808,1,246176
810,1,247436
812,1,248036
813,1,248234
815,9.919034272,248626
817,19.00361545,248982
820,5,249124
821,1,31396
822,2.000016052,249188
823,1,249206
828,1,249264
832,1,249286
836,2,31384
838,17.89365636,249292
841,2,249300
845,1,249304
846,1,249302
848,1,249300
849,5.12589954,280680
853,1,249284
856,3,249272
858,12,280658
872,6,242612
873,3,246074
875,1,246732
876,4,247066
877,246.9700231,279190
880,1,248536
881,28.00990011,280142
882,1,248840
884,2,248998
886,2,249034
887,1,249080
888,4,249098
889,2,249132
899,8.928971844,248938
900,3,248942
904,41,280054
905,1,31404
906,10.12570513,279776
907,4.17537765,209772
914,1,192508
919,57,230488
926,1,195926
929,2,192794
935,2,182590
939,3,163806
943,30,268806
945,1,238302
948,1,241208
949,1,241602
951,1,242046
954,1,242282
955,2,241256
968,1,219286
970,6,248028
971,8.906821222,248290
973,1,248570
978,2,280432
979,47,280458
981,2,249118
982,2,249120
984,3,249144
990,1,249166
993,2,249188
995,2,249208
998,1,249212
1000,7,280590
1003,1,249206
1004,2,249222
1005,1,249212
1008,1,31398
1009,26.00012831,280576
1010,3,249188
1013,139.5042122,280564
1014,1,249082
1019,1,248838
1024,8.517425208,272166
1025,1,241832
1031,3.001641083,241502
1034,1,240064
1036,4,239068
1037,1,238128
1039,2,266346
1041,4,231530
1043,1,31390
1047,1,224402
1048,2,219470
1051,42.27719853,233926
1056,4,191012
1057,1,188762
1059,1,179010
1060,1,31402
1061,7.510094898,173028
1067,1,165314
1069,1,159018
1072,3,247886
1073,2,248122
1075,1,248500
1076,11,248586
1077,67,280142
1078,1,31412
1080,8,248890
1082,4,248946
1083,2,280424
1084,40,280452
1086,1,249042
1089,4.126154489,280444
1091,2,249062
1096,2.000032117,249096
1098,1,249084
1099,10,249086
1100,5,249114
1107,121,280572
1111,3,249226
1114,2,249236
1115,2.000024074,249234
1119,43.1259078,280610
1120,1,249228
1121,27.25241628,280628
1124,8,249216
1127,284,280610
1132,2.000008026,249182
1133,23.00021673,249172
1134,4.252115277,280546
1136,1970,280500
1138,1,249072
1141,2,248970
1142,1,246624
1144,2,248614
1148,2,248810
1149,1,248872
1151,1,31394
1154,8.000342334,280460
1160,1,249148
1161,9.378069922,280596
1162,1,249158
1168,8.934148516,249164
1169,8.934649682,249148
1171,1,249124
1172,3.000144534,249112
1173,3,249110
1174,1,249136
1176,1,249120
1185,1,249002
1189,1,249004
1197,1,248292
1199,17.00671395,247946
1202,1,248776
1204,1,31358
1208,7,280334
1213,1,249032
1214,1,249044
1223,1,249060
1224,2,249066
1225,2,249068
1226,2,249080
1235,1,249058
1236,1,249070
1237,1,249088
1241,45,280440
1246,1,249084
1252,2,249014
1254,1,249024
1256,11.75651273,280366
1261,1,248848
1267,1,247046
1268,1,246900
1269,2,246356
1272,1,185076
1273,1,185568
1275,3,221018
1276,3,235098
1277,2,236138
1279,1,211118
1280,7.445314486,244186
1282,1,31406
1284,1,225526
1285,1,226018
1290,2,238884
1293,2,274142
1295,22,277116
1296,2.000892437,246736
1297,5,247116
1298,1,247666
1299,10.25388869,279232
1300,5.001395564,248016
1301,1,248150
1303,2.000894534,248396
1306,1,248652
1307,2,280044
1311,5.000096451,248844
1315,1,248928
1317,3,248918
1319,2,280318
1322,3.000016068,248952
1323,1,248962
1324,7,280312
1329,9,248948
1330,1,248932
1331,2.000024103,248940
1333,8.939465459,248934
1335,1,248914
1337,6,248922
1340,1,248920
1345,1,248856
1347,1,248830
1350,1,248750
1351,1,31390
1353,1,248716
1357,19.50508529,279946
1358,1,248494
1359,4,248546
1365,111.1262341,279484
1366,11.25359427,279484
1372,2.000016158,247554
1377,2,246680
1382,3,245776
1383,6,276718
1391,1,247370
1397,1,247824
1400,1,248614
1402,1,248642
1407,1,248602
1414,15.00586723,248262
1417,3,279196
1418,1,247492
1421,2.001492876,246872
1423,2,245380
1425,30.57482513,275578
1431,1,247868
1432,5,247880
1438,2,248696
1441,4,248928
1443,1,31402
1446,1,248990
1447,1,248978
1454,1,249002
1458,1,31400
1459,1,249022
1463,9.000144576,249016
1465,3,249016
1466,1,248994
1473,1,248900
1476,1,248782
1477,1,248748
1478,3,248702
1482,63.6466483,272182
1483,1,241108
1486,2,247334
1487,1,247292
1489,40,279074
1491,1,248460
1492,1,248534
1495,1,248578
1497,5.000804732,248580
1498,5,248558
1500,5.253310259,279940
1501,2,248540
1502,1,248562
1503,8.915541401,248548
1506,1,248486
1508,8.909125645,248394
1511,1,248374
1513,1,31412
1514,1,248108
1516,1,248002
1521,1,248222
1522,1,248136
1523,1,248206
1526,1,247782
1529,4.014999181,246112
1535,2,31390
1541,1,248300
1542,1,248364
1551,83,279874
1556,4,248010
1559,3,277856
1564,22.00289956,235890
1565,26,236230
1567,2,237518
1572,1,241206
1573,1,242282
1576,1,244274
1578,27.36220164,276310
1579,23.76140866,276474
1580,2,245620
1582,3,245044
1583,28.12614295,277360
1584,4.128765855,278006
1585,7.509538242,278234
1587,1,247352
1590,1,247922
1594,2.000581344,247846
1596,2.000104967,247722
1597,2,279154
1599,3,247984
1600,3.000670036,247914
1601,3.126771577,279534
1610,6,279620
1611,1,248422
1613,1,248444
1614,16.88650015,279776
1616,1,248438
1617,1,248506
1618,1,248518
1619,1,248418
1620,1,248452
1622,1,248218
1623,2.000193397,248242
1625,2,248100
1628,3,247578
1629,1,247304
1632,1,246106
1635,2,243942
1638,1,246326
1639,3,246548
1640,1,246720
1648,1,247896
1649,1,247882
1650,1,248068
1653,1,248342
1658,5,248778
1659,2,248842
1662,1,248942
1664,17.00084338,249012
1669,4,249078
1671,7.125990638,280464
1678,1,249188
1680,2,249196
1682,5,280592
1683,3.126013259,280598
1685,1,249194
1686,5,249192
1687,2,249216
1689,2,249226
1694,3.00001605,249232
1699,5,280614
1701,2,280610
1705,1,249182
1709,1,249162
1716,3,280508
1717,3,249082
1718,7.252152403,280420
1719,2,249052
1720,1,249036
1726,2.000024095,249018
1729,1,248984
1730,5,280302
1732,1,248924
1733,5,280274
1736,1,248912
1737,1,248898
1739,2,248890
1740,1,31398
1742,1,248920
1749,1,248946
1752,6,248948
1754,3,248968
1760,10.25209247,280372
1762,8.932398853,248998
1765,52.63047722,280382
1767,1,249010
1768,2,249010
1769,1,248994
1775,1,248998
1779,2,248988
1786,1,249002
1788,4,280394
1790,2,280398
1795,1,248982
1796,1,248992
1802,2,280336
1803,2.000056247,248918
1804,2.000072322,248904
1805,1,248866
1806,2,280256
1807,8.000040187,248840
1808,1,248790
1810,21,248790
1814,1,248690
1815,4,248678
1817,2.000032179,248618
1825,3.00004828,248560
1828,1,248532
1830,1,248554
1832,10,248540
1837,5,248564
1845,1,248566
1848,5.000418481,248544
1853,8.913433977,248466
1857,19,279842
1858,5,248488
1859,2,248492
1862,1,248390
1864,2,248350
1865,10,248348
1867,6.000080544,248316
1868,4,248258
1871,1,248114
1872,52.37970574,279386
1879,1,247402
1881,1,247196
1882,3,246976
1885,2,245448
1886,1,245010
1887,1,31410
1888,3.129276067,274920
1891,4,240098
1892,1,234360
1894,96,258730
1895,9.143977087,224264
1906,3,243350
1907,1,244150
1917,9.900713285,248114
1918,7.252957293,279592
1919,33.25452728,279620
1921,10.001111,248470
1924,1,248720
1925,12,280152
1926,1,248782
1929,1,248886
1931,19.92631512,248918
1934,3,248928
1941,15.75709764,280370
1942,7.000192791,248982
1943,1,248958
1945,1,248994
1946,1,248970
1953,1,248956
1955,1,248944
1958,1,248878
1961,1,248742
1973,5,246196
1974,1,246908
1975,15,247224
1978,9,248216
1982,1,248872
1985,1,249110
1988,1,249206
1991,2,249196
1993,21.6933648,280558
1995,1,249156
1998,1,249142
2000,1,249150
2004,1,249118
2005,2,249086
2007,2.000104426,249006
2016,37.12632746,280424
2018,4.000289099,249086
2019,2,280486
2026,2,249156
2027,1,249168
2028,3.00022477,249172
2031,3,249168
2035,2.000112384,249174
2036,1,31384
2038,1,249148
2039,5,249132
2042,3.126381393,280496
2044,3.000610545,249034
2045,1,31400
2047,1,31390
2050,1,248394
2051,2,248382
2053,6,248400
2055,1,248188
2062,3,244290
2067,1,246238
2068,3,246514
2074,1,248304
2075,2,248538
2077,3,248600
2078,7,248608
2079,2,248774
2082,1,249054
2085,4,280568
2090,2.000032107,249172
2093,1,249156
2094,29.94433463,280548
2095,10,280556
2099,1,249188
2100,10.62846202,280446
2107,22,249170
2111,1,249140
2113,106,280478
2114,1,249108
2116,16,280500
2119,1,249102
2120,1,249076
2123,1,249042
2125,2,249014
2127,2.000225004,248940
2137,1,247928
2140,1,247662
2144,5.251507293,277836
2145,23.12767166,277838
2146,1,245914
2149,7,279256
2150,1,248112
2152,1,248578
2164,1,249186
2173,2,248792
2180,1,248340
2182,1,247914
2183,1,244808
2188,2.00008829,249202
2205,1,249260
2219,1,249166
2221,1,249148
2223,1,31394
2224,1,249072
2233,1,238642
2248,1,241576
2252,1,241052
2258,4,231530
2260,5,256794
2262,2,220894
2267,10.00044981,249052
2271,2,249174
2276,1,249244
2283,1,249272
2284,1,249274
2286,1,31408
2288,4.00004814,249280
2293,2,249258
2294,1,249246
2295,2,249258
2308,1,249178
2318,2,249140
2320,1,249138
2321,1,249148
2322,1,249154
2326,2.000024083,249146
2328,1,249156
2332,1,249134
2333,2,249086
2338,4.12610298,280510
2345,1,248920
2347,9.936316695,248994
2349,1,248992
2351,1,248934
2352,1,31396
2353,1,248942
2354,10,248894
2355,8,248914
2356,1,31392
2358,1,248878
2359,10.000201,248804
2360,1,248842
2361,1,248800
2362,1,248766
2364,2,248700
2365,11.25318391,280064
2367,39,279674
2369,8.898031972,248014
2370,1,247690
2371,1,247378
2372,4,246610
2373,3.00160554,246844
2375,1,247410
2379,1,248292
2389,1,248766
2392,1,248710
2395,1,248520
2401,16.74609848,247198
2406,1,243664
2407,1,31404
2411,4,249006
2412,7,249082
2427,1,249256
2428,3.000224688,249262
2433,5,249260
2435,7.000048144,249256
2437,1,249254
2438,8.961351731,249254
2439,5,249244
2442,1,249252
2451,2,239690
2452,7,271920
2455,1,242194
2456,2,242862
2458,4,273672
2459,1,243142
2461,1,243574
2468,1,244362
2473,1,244536
2485,1,244492
2486,3,276152
2487,9,275972
2492,1,243982
2498,13.12764218,273142
2499,33,272796
2501,1,240946
2504,13,269360
2510,5.378043983,280488
2511,1,249146
2512,1,249158
2513,2,249190
2516,1,249226
2518,10,249238
2520,1,249274
2522,1,249284
2524,8,280668
2525,1,249296
2526,1,249294
2534,1,249300
2537,1,31390
2538,1,249304
2540,55.12591458,280686
2541,3,249300
2542,13.88130385,280678
2543,1,249294
2545,1,249290
2552,3.000008023,249284
2553,1,249284
2564,3,249284
2566,8.629830097,280670
2567,5,249246
2569,1,249266
2570,4.000064195,249256
2572,1,249218
2576,2,280536
2582,1,31382
2584,3,222752
2592,1,221070
2603,28.01589719,197538
2604,1,196064
2609,1,248806
2610,1,31388
2612,1,249072
2617,2.000072246,249166
2625,1,249220
2629,8.938085228,249240
2631,1,249224
2632,2.000040123,249244
2638,1,249208
2642,31,280566
2643,1,249170
2645,1,249158
2646,4.000136492,249132
2647,2,249102
2650,3.126174604,280440
2652,2,248952
2666,6.136747427,268186
2672,1,241092
2673,1,240770
2675,1,241950
2676,1,242718
2680,1,244948
2681,11.12791086,276760
2683,1,245746
2687,13.38001472,278538
2689,10.89897411,247552
2695,1,248262
2699,1,247998
2701,1,248316
2703,3,248164
2708,1,247490
2715,21.4768661,165846
2716,6,135176
2720,1,137522
2721,94,168558
2725,1,31256
2735,16.10551896,126746
2742,1,225454
2743,3,225944
2746,1,229006
2750,8.137639464,259400
2751,1,230404
2754,11.27514036,258936
2756,1,31374
2757,3,228492
2764,2,198778
2767,1,152428
2770,5,185468
2772,3.00099834,154410
2781,1,155974
2786,1,31366
2787,1,154168
2788,1,154708
2790,1,31392
2793,9.026330913,184560
2798,2,178420
2799,1,140962
2800,1,135476
2802,1,132800
2803,7.502811797,160220
2804,1,126408
2805,3,150324
2806,6.551825018,148284
2807,13,116718
2812,2,107140
2815,1,245810
2817,22.42660651,277938
2819,1,246748
2822,1,247292
2824,7.004177901,247186
2826,1,247542
2828,8.881408827,247492
2829,1,247324
2836,2.001827274,245622
2838,3.002792484,243852
2843,1,206356
2844,1,206888
2851,1,208990
2859,2,190736
2869,2,248744
2872,1,248888
2875,1,249036
2876,1,249040
2877,1,249022
2886,1,249046
2887,1,249038
2892,1,248982
2894,1,31380
2904,1,248192
2906,1,247894
2914,4,248666
2917,2.000032155,248804
2920,1,248832
2931,11.92201086,248604
2932,1,248590
2933,38,279924
2934,2.0000161,248458
2936,1,248320
2937,4.000185354,248220
2939,2,279322
2942,2.000275858,246572
2946,1,244204
2948,1,244712
2950,2,245156
2954,8.790164352,244580
2955,1,244254
2958,5.004753652,242724
2959,6.002431023,242050
2960,2,240792
2965,1,235646
2966,1,247100
2967,7,278352
2970,1,247312
2971,1,247054
2973,1,246882
2975,1,246834
2978,6,246178
2979,9,245706
2986,2,242600
2987,1,242552
2988,2,241374
2990,2,240352
3002,1,230224
3004,1,227212
3011,1,243182
3017,4,275406
3018,3,244638
3029,16,184958
3044,1,172682
3062,2,209108
3064,28,244118
3071,1,217540
3072,1,219678
3076,1,221696
3082,1,230576
3083,8.38350752,231724
3084,5,232806
3087,3,266342
3089,2.000406897,236028
3093,1,238924
3094,1,239376
3095,8,271412
3097,1,31380
3098,3,273568
3099,5,242622
3103,2,274976
3105,1,244258
3106,5,244366
3110,1,242666
3112,2.000099497,241238
3113,2,240020
3115,1,237818
3118,2.001633959,232944
3122,3,208610
3125,1,31392
3131,1,248428
3133,1,31396
3136,2,248596
3138,1,248560
3140,2,279948
3144,1,248290
3145,1,248252
3148,3,247610
3151,1,238822
3152,7.660210752,270506
3153,1,239450
3156,1,239650
3157,4,270992
3158,1,239590
3168,3,268058
3169,2,236626
3170,3.002228493,236560
3172,1,235596
3173,10,265914
3174,4,265688
3176,1,233456
3178,1,233462
3179,1,233848
3187,104.0689487,266786
3190,10,266320
3191,2,234374
3192,1,233980
3193,1,232298
3196,1,248448
3197,1,248486
3200,2.000176876,248806
3201,45,248802
3207,14,280404
3208,9.927989303,249034
3209,10.92945744,249028
3214,4,249124
3216,2,249134
3218,1,249140
3219,21,280528
3222,1,249104
3223,16.00034523,249120
3225,4,249094
3227,5.377989739,280488
3231,13.0001365,249100
3233,1,249080
3241,2.000024093,249036
3246,15.0003534,249034
3248,6.000064257,249008
3250,1,248980
3252,8,249004
3257,1,31382
3258,3,248934
3260,21.00188045,248928
3261,2,248886
3262,6,280292
3264,1,248894
3272,3,248044
3273,3,279504
3274,59,279456
3275,1,247822
3280,1,245036
3284,4,31396
3290,3,230594
3292,2,254716
3308,107,276320
3311,2,245474
3313,1,31402
3316,4,246410
3321,3,246898
3323,1,247508
3325,2.000121148,247662
3328,1,247962
3331,1,248296
3332,6,248344
3337,1,248602
3338,1,248676
3342,3.12618994,280142
3343,1,248786
3344,1,248806
3345,3,248648
3346,1,248796
3347,1,248772
3349,2,248840
3351,6,248838
3358,1,248592
3359,2,248710
3360,5.00131959,248726
3363,2,247922
3366,1,31394
3369,2,243426
3374,1,233758
3375,1,31382
3377,1,230210
3378,1,225050
3389,2,247484
3392,1,247218
3394,1,247202
3395,1,247262
3397,14.26690741,278184
3398,1,247006
3402,1,246050
3404,1,244736
3407,5,241170
3416,1,31414
3419,2,238658
3420,6,240264
3422,4,241568
3434,1,241450
3435,1,241304
3440,1,238538
3442,1,248010
3444,1,248312
3445,1,248334
3454,7.001496524,248700
3457,2,248846
3458,4,248720
3459,1,248870
3461,41,280282
3466,1,248892
3469,1,248794
3472,1,31392
3476,1,248570
3480,2,248128
3481,1,31394
3482,4,247760
3484,1,247212
3490,2.001055646,244658
3491,1,244170
3495,2,242278
3502,2,247012
3506,8.000112912,248008
3508,13.12636367,279800
3510,35.37870414,279572
3511,1,248476
3512,1,248440
3519,4,238114
3523,1,244624
3524,1,244698
3538,1,248930
3539,12,248936
3541,2,280326
3543,1,248968
3544,3,248936
3547,15,280260
3554,1,248884
3560,16,279974
3561,4,279860
3567,39.33259232,255486
3570,14.82999611,257418
3573,2,226028
3575,2,225346
3583,1,248644
3587,1,248484
3588,1,248516
3593,3,247338
3597,2,245636
3604,2,226116
3605,1,226442
3606,3,222862
3609,2,247016
3615,2,248662
3623,1,248766
3625,9.925199108,248772
3626,2,248766
3627,1,248730
3630,2,248650
3631,1,248666
3633,3,248568
3635,1,248468
3639,2.000024179,248158
3641,2,248044
3647,2.001238489,237680
3654,7,277998
3655,1,246686
3658,3,279406
3659,9,248126
3661,1,31372
3662,2,279690
3665,1,248436
3669,2,248248
3673,4,247956
3677,1,247422
3678,1,247182
3679,4,247470
3683,1,247404
3689,1,247592
3690,2,247474
3694,1,246706
3696,1,246422
3697,2,277430
3706,2,217498
3707,5,189424
3711,2,227846
3720,2,248678
3728,1,248730
3733,1,248642
3736,6.25310629,279980
3737,1,248546
3740,1,248420
3748,1,246618
3750,1,248952
3751,2,248950
3757,2,248938
3759,1,248966
3765,2,280362
3777,1,248970
3781,1,248950
3783,1,248922
3784,1,248938
3785,1,248922
3788,1,248810
3789,1,31410
3794,1,248526
3795,3,248190
3797,1,248230
3800,9.000217972,247792
3801,1,31398
3804,8.971758256,187346
3808,3,196342
3811,1,201230
3821,1,198086
3827,1,161856
3828,2,162304
3829,1,31388
3830,1,31388
3833,10.189134,195672
3839,1,162366
3842,1,31398
3883,1,247568
3890,1,248044
3891,1,248152
3899,1,248380
3904,1,248398
3910,1,248366
3913,2.00003223,248226
3917,1,248128
3924,1,247342
3943,1,248714
3959,1,248276
3965,1,225210
3981,2.000254826,31402
3985,1,31396
3992,4,240842
4000,2,245878
4009,1,246618
4011,1,246616
4016,26,278330
4019,1,246906
4026,7.127083821,279226
4028,2,247898
4031,12.63347432,279702
4034,1,248344
4036,15,248450
4037,1,248472
4038,2,279822
4039,2.000064383,248528
4047,1,248484
4048,3.126055357,279818
4051,2,279622
4054,1,248232
4055,1,248180
4056,1,248154
4059,1,247816
4069,1,247012
4070,2,277952
4071,2,246962
4072,10,278420
4073,9.871177643,247206
4077,1,31404
4078,3,247088
4079,2,247314
4081,7,247288
4082,4,247408
4083,3,247286
4086,1,247404
4095,3,247944
4098,2,279364
4099,1,248124
4100,2,248206
4103,1,248338
4105,1,248354
4109,1,248444
4111,5,248462
4114,1,248542
4116,1,248616
4123,1,248766
4125,1,248786
4135,13.26273224,280192
4139,3,248796
4142,1,248778
4143,10,248794
4155,1,248774
4157,1,248786
4181,15,280364
4186,1,248976
4192,1,248952
4194,1,248932
4197,1,248926
4213,2,280072
4216,1,248598
4218,1,248640
4219,1,248614
4220,3.000064354,248634
4221,4.000193106,248584
4222,3,279956
4224,1,248502
4225,4,248500
4226,1,248468
4228,3,248416
4231,2.000136972,248260
4232,1,248218
4233,1,248166
4234,3,248114
4235,1,248094
4243,2,247738
4247,1,247386
4249,1,247508
4251,6.507392745,278940
4252,2,278882
4255,2,278742
4256,11,278750
4257,1,247178
4260,1,247454
4261,1,247218
4263,1,247352
4267,9.0001616,247564
4271,4.126504566,279274
4274,2,248264
4276,7.002077111,248508
4279,9.252570436,279990
4281,29.12627904,280020
4282,5,248656
4283,1,248690
4284,8.920817939,248682
4285,1,248694
4287,10.50485344,280136
4289,4,280172
4290,1,248776
4295,1,248786
4296,3,248776
4298,1,248772
4300,1,248774
4301,3,248762
4306,10,248762
4307,93.37904387,280134
4315,11,280034
4316,1,248626
4320,2,248562
4321,1,248136
4325,1,247684
4327,3,278936
4328,1,247238
4330,1,246662
4336,1,243750
4337,1,243560
4341,1,240360
4345,2,240666
4357,54,277304
4359,1,31378
4360,8.871734421,247078
4361,1,247476
4363,3.000209787,247922
4365,8,248058
4369,1,248410
4372,1,248480
4377,1,248466
4387,2,248180
4390,1,247466
4392,4,246870
4396,1,244202
4397,1,243378
4399,3,242380
4400,1,240800
4405,4,234840
4406,15.8477707,233110
4408,1,230066
4410,1,225434
4411,1,224456
4414,4,212302
4417,5.16715596,230588
4418,4.208631043,216998
4419,1,185796
4420,2.008682323,184256
4421,1,212464
4423,12.76412151,243840
4428,3.003819056,213024
4431,54,242862
4432,1,213192
4434,1,211582
4435,13,241554
4447,1,216688
4451,7,255258
4454,1,232322
4457,7.000944391,237302
4460,2,240588
4467,3,244898
4469,4,277040
4470,1,246104
4471,2,277100
4475,3.128895564,278126
4476,1,246416
4481,1,245682
4485,2.000470913,246446
4486,3,245634
4509,2,199510
4512,1,194120
4517,1,184536
4520,1,178670
4524,1,216590
4525,1,219584
4528,1,227444
4533,1,236316
4534,12.02754963,237766
4535,1,239248
4539,2,244084
4541,1,245422
4542,2,245490
4543,17,246306
4544,1,246570
4546,1,247286
4552,4,248552
4556,10,280090
4558,61,280246
4563,1,31382
4564,1,248926
4566,5,280296
4569,1,248870
4571,11,280158
4573,10.25250324,280074
4591,1,245222
4622,3,248662
4625,1,248678
4630,1,248536
4632,1,248480
4633,1,248424
4634,4,279688
4635,1,248186
4636,1,248014
4646,1,31368
4653,4,242204
4654,1,241700
4659,3,243116
4662,5.127170473,274980
4664,1,31408
4666,2,244982
4670,1,244972
4672,1,245280
4675,1,245048
4676,1,245038
4682,1,245356
4683,8.002508531,245716
4685,1,246048
4689,8.842577851,246304
4695,1,246814
4696,1,246678
4697,1,246070
4700,3,275832
4701,96,245222
4706,1,246742
4714,1,247802
4715,1,247760
4718,1,248744
4723,7,280352
4724,3,249046
4728,2,249088
4730,1,249120
4746,1,31378
4750,1,249188
4756,1,249124
4758,1,249042
4768,4,249196
4782,2,249224
4787,1,249176
4790,1,249142
4798,2,249186
4802,1,249036
4811,1,31416
4828,1,249232
4831,1,249218
4832,1,249228
4833,1,249232
4838,1,249254
4848,1,249234
4855,1,249208
4890,1,249220
4893,1,249260
4895,1,249254
4896,1,249252
4903,1,249080
4907,1,248904
4957,2,248658
4959,15,248326
4961,1,248124
4962,2,248080
