Position,Consensus,RateOfEvolution
1,M,-0.06
2,A,0.726
3,A,1.251
4,A,0.501
5,S,1.028
6,S,0.078
7,P,0.216
8,P,-0.374
9,R,1.88
10,A,1.496
11,E,0.921
12,R,0.131
13,K,1.117
14,R,-0.376
15,W,1.546
16,G,1.177
17,W,1.485
18,G,0.3
19,R,0.102
20,L,0.196
21,P,1.771
22,G,2.07
23,A,1.72
24,R,1.146
25,R,0.736
26,G,1.532
27,S,-0.479
28,A,0.854
29,G,1.936
30,L,0.039
31,A,0.421
32,K,1.062
33,K,0.573
34,C,0.432
35,P,-0.675
36,F,0.468
37,S,-0.091
38,L,-0.363
39,E,-0.527
40,L,-0.216
41,A,0.125
42,E,0.552
43,G,0.963
44,G,0.449
45,P,0.351
46,A,0.43
47,G,-0.03
48,G,0.872
49,A,1.142
50,L,0.957
51,Y,-0.738
52,A,-0.842
53,P,-0.789
54,I,1.415
55,A,0.734
56,P,0.3
57,G,1.798
58,A,1.024
59,P,-0.047
60,G,2.023
61,P,1.893
62,A,1.836
63,P,2.376
64,P,2.25
65,A,1.634
66,S,0.369
67,P,2.2
68,A,0.782
69,A,1.624
70,P,0.575
71,A,1.151
72,A,2.383
73,P,2.259
74,P,2.068
75,V,2.318
76,A,2.394
77,S,2.456
78,D,2.409
79,L,2.45
80,G,2.44
81,P,1.951
82,R,2.319
83,P,-0.008
84,P,0.703
85,V,1.963
86,S,0.299
87,L,1.141
88,D,1.069
89,P,-0.663
90,R,-0.22
91,V,-0.307
92,S,-0.013
93,I,0.536
94,Y,-0.239
95,S,0.182
96,T,1.22
97,R,0.788
98,R,0.131
99,P,-0.04
100,V,0.814
101,L,1.103
102,A,0.068
103,R,-0.097
104,T,0.062
105,H,-0.253
106,V,0.48
107,Q,-0.798
108,G,-0.118
109,R,0.31
110,V,-0.357
111,Y,-0.91
112,N,-0.924
113,F,-0.811
114,L,-0.985
115,E,-1.009
116,R,-0.897
117,P,-0.937
118,T,-0.427
119,G,-0.409
120,W,0.185
121,K,0.334
122,C,-0.785
123,F,-0.41
124,V,0.779
125,Y,-0.838
126,H,-0.985
127,F,-0.351
128,A,0.509
129,V,-0.886
130,F,-0.748
131,L,0.11
132,I,-0.324
133,V,-0.999
134,L,-0.818
135,V,-0.13
136,C,-0.978
137,L,-0.879
138,I,-0.565
139,F,-0.692
140,S,-1.009
141,V,-0.904
142,L,-0.705
143,S,-1.01
144,T,-1.004
145,I,-0.847
146,E,0.311
147,Q,0.279
148,Y,-0.487
149,A,0.311
150,A,2.237
151,L,0.188
152,A,-0.769
153,T,-0.05
154,G,0.704
155,T,-0.122
156,L,-0.989
157,F,-0.378
158,W,-0.355
159,M,-0.692
160,E,-1.056
161,I,-0.563
162,V,-0.548
163,L,-0.807
164,V,-0.968
165,V,-0.417
166,F,-0.773
167,F,-0.988
168,G,-0.611
169,T,0.385
170,E,-0.974
171,Y,-0.722
172,V,0.706
173,V,-0.361
174,R,-0.985
175,L,-0.483
176,W,-0.804
177,S,-0.825
178,A,-0.973
179,G,-0.99
180,C,-0.911
181,R,-0.901
182,S,-1.003
183,K,-0.931
184,Y,-0.921
185,V,-0.585
186,G,-0.932
187,L,1.036
188,W,2.133
189,G,-0.99
190,R,-1.021
191,L,0.024
192,R,-0.673
193,F,-0.986
194,A,-0.661
195,R,-0.791
196,K,-0.928
197,P,-0.894
198,I,-0.923
199,S,-0.889
200,I,-0.638
201,I,-1.001
202,D,-0.986
203,L,-0.614
204,I,-0.611
205,V,-0.939
206,V,-0.821
207,V,0.168
208,A,-0.904
209,S,-1.038
210,M,0.401
211,V,-0.373
212,V,-0.999
213,L,-0.707
214,C,0.01
215,V,-0.293
216,G,-0.823
217,S,-0.901
218,K,-0.537
219,G,-0.87
220,Q,-0.879
221,V,-0.798
222,F,-0.873
223,A,-0.966
224,T,-0.713
225,S,-0.983
226,A,-0.94
227,I,-0.721
228,R,-0.985
229,G,-0.903
230,I,-0.657
231,R,-0.985
232,F,-0.919
233,L,-0.821
234,Q,-0.946
235,I,-0.969
236,L,-0.939
237,R,-0.985
238,M,-0.996
239,L,-0.762
240,H,-0.991
241,V,-0.902
242,D,-0.984
243,R,-1.02
244,Q,-0.949
245,G,-0.817
246,G,-0.936
247,T,-0.913
248,W,-0.798
249,R,-0.86
250,L,-0.878
251,L,-0.992
252,G,-0.99
253,S,-1.011
254,V,-1
255,V,-0.939
256,F,-0.323
257,I,-0.792
258,H,-0.958
259,R,-0.953
260,Q,-1.021
261,E,-1.017
262,L,-0.94
263,I,-0.845
264,T,-1.006
265,T,-1.005
266,L,-0.806
267,Y,-0.985
268,I,-1.061
269,G,-1.046
270,F,-0.99
271,L,-1.047
272,G,-0.674
273,L,-0.994
274,I,-1.003
275,F,-0.99
276,S,-0.874
277,S,-1.063
278,Y,-0.928
279,F,-0.991
280,V,-0.969
281,Y,-0.868
282,L,-0.83
283,A,-0.799
284,E,-1.017
285,K,-0.807
286,D,-0.405
287,A,0.083
288,V,-0.256
289,N,0.241
290,E,0.612
291,S,0.326
292,G,-0.569
293,R,0.734
294,V,0.483
295,E,0.602
296,F,-0.989
297,G,0.499
298,S,-0.871
299,Y,-0.745
300,A,-1.031
301,D,-0.911
302,A,-1.002
303,L,-0.994
304,W,-0.909
305,W,-0.786
306,G,-0.933
307,V,-0.894
308,V,-0.913
309,T,-1.007
310,V,-0.841
311,T,-0.88
312,T,-1.005
313,I,-0.968
314,G,-1.046
315,Y,-0.983
316,G,-1.046
317,D,-1.022
318,K,-0.68
319,V,-0.903
320,P,-1.049
321,Q,-0.054
322,T,-1.034
323,W,-1.016
324,V,-0.17
325,G,-1.046
326,K,-0.871
327,T,-0.432
328,I,-0.769
329,A,-0.91
330,S,-0.898
331,C,-0.453
332,F,-0.875
333,S,-0.865
334,V,-0.85
335,F,-0.822
336,A,-0.92
337,I,-0.855
338,S,-1.037
339,F,-0.989
340,F,-0.989
341,A,-1
342,L,-0.992
343,P,-1
344,A,-1.001
345,G,-1.046
346,I,-1.061
347,L,-1.047
348,G,-0.99
349,S,-1.037
350,G,-1.046
351,F,-1.046
352,A,-1.061
353,L,-1.047
354,K,-1.054
355,V,-1.06
356,Q,-1.057
357,Q,-1.021
358,K,-0.937
359,Q,-0.953
360,R,-1.022
361,Q,-1.023
362,K,-1.014
363,H,-1.027
364,F,-0.938
365,N,-0.87
366,R,-0.984
367,Q,-0.987
368,I,-0.999
369,P,-0.658
370,A,-0.925
371,A,-1.031
372,A,-1.002
373,S,-0.027
374,L,-0.994
375,I,-1.002
376,Q,-1.022
377,T,-0.291
378,A,-0.216
379,W,-0.796
380,R,-0.985
381,C,-0.394
382,Y,-0.185
383,A,-0.721
384,A,-0.589
385,E,-0.155
386,N,-0.17
387,P,0.764
388,D,0.554
389,S,0.39
390,S,-0.567
391,T,-0.979
392,W,-0.546
393,K,0.403
394,I,0.129
395,Y,-0.358
396,I,0.38
397,R,0.287
398,K,0.565
399,A,1.893
400,P,2.095
401,R,2.138
402,S,2.388
403,H,2.324
404,T,2.113
405,L,1.029
406,L,1.441
407,S,0.874
408,P,0.645
409,S,0.074
410,P,0.278
411,K,0.726
412,P,0.675
413,K,-0.206
414,K,-0.331
415,S,0.217
416,V,-0.14
417,V,0.332
418,V,0.276
419,K,-0.116
420,K,-0.013
421,K,-0.105
422,K,0.148
423,F,0.62
424,K,0.479
425,L,0.989
426,D,0.648
427,K,0.664
428,D,0.742
429,N,0.535
430,G,0.867
431,V,0.994
432,T,1.819
433,P,0.958
434,G,1.324
435,E,0.925
436,K,0.957
437,M,2.367
438,L,2.285
439,T,-0.304
440,V,0.931
441,P,0.698
442,H,0.235
443,I,0.022
444,T,-0.042
445,C,1.635
446,D,-0.038
447,P,0.036
448,P,2.156
449,E,0.337
450,E,1.019
451,R,2.112
452,R,0.716
453,L,1.229
454,D,1.569
455,H,1.471
456,F,0.763
457,S,0.62
458,V,1.339
459,D,1.464
460,G,1.964
461,Y,1.484
462,D,0.438
463,S,0.893
464,S,0.829
465,V,0.987
466,R,0.835
467,K,0.874
468,S,0.758
469,P,1.463
470,T,0.338
471,L,2.004
472,L,0.826
473,E,1.725
474,V,0.538
475,S,0.387
476,M,1.226
477,P,1.603
478,H,0.49
479,F,0.546
480,M,1.195
481,R,0.093
482,T,0.601
483,N,0.623
484,S,0.243
485,F,0.841
486,A,0.749
487,E,0.334
488,D,0.037
489,L,1.543
490,D,0.371
491,L,1.813
492,E,0.683
493,G,2.285
494,E,0.153
495,T,0.827
496,L,1.322
497,L,0.524
498,T,1.442
499,P,0.721
500,I,0.557
501,T,0.919
502,H,0.066
503,I,0.71
504,S,0.38
505,Q,0.543
506,L,-0.713
507,R,-0.412
508,E,0.144
509,H,0.225
510,H,-0.73
511,R,-0.54
512,A,0.32
513,T,-0.667
514,I,-0.907
515,K,-0.699
516,V,-0.866
517,I,-0.526
518,R,-0.905
519,R,-0.68
520,M,-0.855
521,Q,-0.637
522,Y,-0.775
523,F,-0.705
524,V,-1.06
525,A,-0.905
526,K,-0.815
527,K,-0.621
528,K,-0.423
529,F,-0.987
530,Q,-0.942
531,Q,-0.865
532,A,-0.968
533,R,-0.845
534,K,-0.969
535,P,-1.048
536,Y,-0.981
537,D,-1.057
538,V,-1.06
539,R,-0.938
540,D,-1.057
541,V,-1.06
542,I,-0.999
543,E,-1.055
544,Q,-1.057
545,Y,-0.981
546,S,-1.008
547,Q,-0.952
548,G,-1.045
549,H,-0.99
550,L,-0.731
551,N,-0.898
552,L,-0.938
553,M,-0.941
554,V,-0.627
555,R,-1.056
556,I,-0.896
557,K,-0.967
558,E,-0.778
559,L,-0.879
560,Q,-0.982
561,R,-0.532
562,R,-0.945
563,L,-0.429
564,D,-0.698
565,Q,-0.39
566,S,-0.68
567,I,-0.426
568,G,-0.858
569,K,-0.461
570,P,-0.1
571,S,0.459
572,L,0.467
573,F,0.29
574,I,0.524
575,S,0.8
576,V,0.485
577,S,-0.001
578,E,0.292
579,K,-0.222
580,S,1.792
581,K,0.304
582,D,-0.046
583,R,0.248
584,G,-0.068
585,S,0.45
586,N,0.061
587,T,-0.845
588,I,-0.472
589,G,-0.327
590,A,-0.632
591,R,-1.015
592,L,-0.546
593,N,-0.174
594,R,-0.787
595,V,-0.381
596,E,-1.009
597,D,0.056
598,K,-0.826
599,V,-0.146
600,T,1.271
601,Q,0.449
602,L,-0.082
603,D,-0.516
604,Q,0.686
605,R,-0.709
606,L,-0.013
607,A,-0.11
608,L,1.281
609,I,0.183
610,T,0.82
611,D,1.092
612,M,0.648
613,L,-0.49
614,H,0.664
615,Q,2.307
616,L,0.117
617,L,0.42
618,S,1.199
619,L,0.743
620,H,2.079
621,G,0.89
622,G,2.35
623,S,1.565
624,T,2.239
625,P,2.321
626,G,2.191
627,S,2.373
628,G,1.918
629,G,1.936
630,P,1.414
631,P,1.958
632,R,2.056
633,E,2.136
634,G,1.009
635,G,0.141
636,A,1.408
637,H,-0.176
638,I,1.588
639,T,1.174
640,Q,0.705
641,P,0.534
642,C,1.648
643,G,0.575
644,S,1.918
645,G,1.462
646,G,1.145
647,S,0.217
648,V,2.167
649,D,0.955
650,P,-0.024
651,E,0.083
652,L,1.583
653,F,2.173
654,L,1.171
655,P,0.656
656,S,0.49
657,N,0.27
658,T,1.74
659,L,-0.358
660,P,-0.758
661,T,-0.631
662,Y,-0.238
663,E,-0.34
664,Q,-0.782
665,L,0.001
666,T,-0.547
667,V,-0.355
668,P,-0.229
669,R,1.161
670,R,1.931
671,G,2.317
672,P,0.771
673,D,0.011
674,E,-0.142
675,G,0.802
676,S,-0.771
