ConsenseusAA,ChangeAA,Position,Pred_Prob
R,W,3673,0.9974570274353028
Y,C,725,0.9875235557556152
N,D,4333,0.9839977025985718
R,Q,694,0.9691504240036012
G,S,2339,0.965610146522522
S,R,3938,0.965315878391266
R,X,3084,0.9538851380348206
G,V,592,0.950291872024536
I,V,2438,0.918078064918518
S,T,2016,0.9147531986236572
F,L,3496,0.9110218286514282
R,Q,694,0.9016406536102296
G,S,2339,0.8983093500137329
Q,H,4879,0.8981582522392273
Q,K,32,0.8980832695960999
N,S,658,0.8940699100494385
Q,H,4879,0.8908889889717102
I,T,4588,0.880104660987854
Y,C,725,0.8788626194000244
I,L,1432,0.8782985210418701
A,P,4510,0.8757648468017578
M,L,2681,0.8693275451660156
V,A,3875,0.8672571182250977
K,Q,34,0.8567151427268982
L,F,3839,0.853916347026825
C,R,4592,0.8483204841613771
G,D,3113,0.8402637839317322
N,D,4333,0.8327661752700806
L,S,4507,0.8198990821838379
R,T,3880,0.8167859315872192
L,S,4507,0.8149081468582153
E,D,1682,0.7641348838806152
S,G,4054,0.7540820837020874
F,I,4898,0.7475064396858215
A,V,1136,0.7383658885955809
L,S,4507,0.7379564046859741
A,V,1136,0.7338940501213074
A,P,4510,0.6952921152114868
K,E,3997,0.6919249892234802
V,I,1166,0.6881505846977234
K,E,3997,0.6838903427124023
I,V,2438,0.6757622957229614
D,H,4001,0.6547781229019165
N,S,658,0.6460616588592529
H,Q,956,0.6449577808380127
M,V,1975,0.6315718293190002
V,L,961,0.621188759803772
G,R,951,0.6186808943748474
A,E,3042,0.6158977150917053
R,G,640,0.5931127667427063
N,S,658,0.5875518321990967
A,G,4512,0.581262469291687
M,V,1975,0.5307856202125549
V,M,2320,0.5282170772552489
N,K,2710,0.5138784646987915
R,H,298,0.5065247416496277
Y,N,4725,0.5020871758460999
V,F,1664,0.4995553195476532
M,V,1975,0.4971675276756287
S,P,2393,0.4898213744163513
N,I,2177,0.4884374439716339
E,G,80,0.4882436990737915
M,T,1300,0.4808548092842102
H,R,261,0.4787184596061706
G,S,2339,0.46831214427948
A,T,2542,0.4508056640625
E,Q,3002,0.4403940141201019
Y,N,4725,0.4393531382083893
V,I,1166,0.4252115488052368
E,K,701,0.4064921736717224
W,R,4949,0.3939501345157623
M,K,2172,0.3863355219364166
H,R,261,0.37787023186683655
K,E,3997,0.3750997185707092
G,V,592,0.36929214000701904
E,G,80,0.36769065260887146
R,L,2068,0.3505040109157562
G,S,2339,0.3445531129837036
V,M,2320,0.3386434316635132
G,E,155,0.3367725610733032
G,C,2332,0.3283852934837341
G,R,951,0.325153648853302
P,L,1857,0.3246643543243408
E,D,1682,0.3224458396434784
E,G,80,0.3221485018730164
V,M,2320,0.3191576600074768
L,F,3839,0.3055645823478699
E,K,701,0.30422288179397583
D,N,4079,0.2962903380393982
R,S,1941,0.2911034226417541
D,E,1340,0.2890107035636902
L,V,3281,0.2873958945274353
E,A,4182,0.2858438789844513
G,E,155,0.2847160696983337
M,V,1975,0.2774169445037842
D,N,4079,0.2760525941848755
H,Y,3111,0.2640243768692017
M,V,1975,0.25504162907600403
G,E,155,0.24591794610023496
V,A,3875,0.2401821613311768
N,K,2710,0.23903682827949524
V,A,3875,0.2261292636394501
G,R,951,0.2238864302635193
E,G,80,0.22215712070465088
E,G,80,0.21544614434242249
T,I,3501,0.2152344286441803
G,W,709,0.214187890291214
Y,D,2680,0.2127085626125336
G,R,951,0.2080512642860413
K,I,4791,0.2074710726737976
R,Q,694,0.20630741119384768
G,E,155,0.20169338583946228
R,W,3673,0.19942671060562134
G,S,2339,0.19898763298988345
G,E,155,0.19271451234817505
R,W,3673,0.19081607460975647
G,S,2339,0.18081465363502505
R,W,3673,0.17939087748527527
P,T,3209,0.17710667848587036
Q,R,1436,0.17708125710487366
G,R,951,0.17505189776420593
R,W,3673,0.17260009050369265
R,I,407,0.17191874980926514
Q,E,2441,0.1702737808227539
G,R,951,0.16965541243553162
R,W,3673,0.16934895515441895
S,L,936,0.1681874394416809
Y,C,725,0.167363703250885
M,I,1975,0.16696059703826904
Q,P,3742,0.16455590724945068
R,W,3673,0.1640276312828064
Q,P,3742,0.16293221712112427
G,S,2339,0.16242796182632446
R,L,2068,0.16125881671905518
R,L,2068,0.1610192060470581
Y,F,823,0.15996646881103516
G,R,951,0.15987074375152588
Y,S,1687,0.1560155153274536
R,L,2068,0.154369056224823
R,W,3673,0.15343961119651794
Q,R,1436,0.15160375833511353
M,R,1347,0.15068209171295166
G,R,951,0.14864423871040344
R,L,2068,0.1481136977672577
M,L,2681,0.1460014283657074
R,W,3673,0.14511147141456604
D,E,1340,0.14105775952339172
Q,R,1436,0.13306936621665955
A,V,1136,0.13181042671203613
G,E,155,0.1311895251274109
Q,R,1436,0.1302226483821869
M,R,1347,0.13018003106117249
K,E,3997,0.13003528118133545
D,H,4001,0.12897208333015442
G,G,432,0.12879133224487305
Q,E,2441,0.12877565622329712
H,R,261,0.12768623232841492
R,C,1993,0.12528181076049805
R,P,389,0.12450647354125975
R,Q,694,0.12215003371238707
Q,L,1911,0.12084761261940002
E,K,701,0.12026000022888185
Y,C,725,0.1198115348815918
G,V,592,0.11803707480430604
C,R,4592,0.11660271883010866
V,E,3711,0.1152586042881012
V,M,2320,0.11381119489669801
G,S,2339,0.11352628469467164
G,C,2332,0.112250953912735
D,N,4079,0.11155712604522704
Q,E,2441,0.11151140928268433
M,L,2681,0.11081954836845398
R,Q,694,0.10851308703422546
D,I,242,0.10823702812194824
V,L,961,0.10712030529975893
V,M,2320,0.10688930749893187
H,R,261,0.10679268836975098
H,R,261,0.10664859414100647
R,Q,694,0.10658450424671173
R,Q,694,0.1064046174287796
H,R,261,0.10634267330169678
Y,C,725,0.1051560640335083
G,S,2339,0.10464024543762207
T,M,1317,0.1042083501815796
H,Q,956,0.1034902036190033
R,Q,694,0.10332119464874268
R,K,3381,0.10244885087013243
A,V,1136,0.1017240583896637
E,K,701,0.100920170545578
M,V,1975,0.10085290670394896
H,R,261,0.09991449117660522
A,V,1136,0.0998227596282959
H,R,261,0.09878000617027284
I,F,1842,0.0985434353351593
V,L,961,0.09814535826444626
S,C,1280,0.09811469912528993
R,Q,694,0.0978451371192932
A,E,3042,0.09775775671005248
R,Q,694,0.09754478931427002
R,W,3673,0.09699872136116028
R,W,3673,0.09674575924873352
R,Q,694,0.09671562910079956
R,Q,694,0.09650707244873047
R,K,3381,0.09578090906143187
Y,C,725,0.09567353129386902
M,V,1975,0.09515643119812013
G,D,3113,0.09458455443382263
A,V,1136,0.09451904892921448
R,Q,694,0.0943128764629364
R,Q,694,0.09384199976921083
R,C,1993,0.09269598126411438
R,Q,694,0.09218692779541016
M,R,1347,0.09212569892406464
M,V,1975,0.09186729788780212
V,M,2320,0.09183555841445924
N,S,658,0.09141018986701964
R,Q,694,0.09136736392974854
V,L,961,0.09110593795776367
R,Q,694,0.09091180562973022
E,V,1880,0.09083312749862672
G,S,2339,0.09059691429138184
R,Q,694,0.09059539437294006
S,I,4667,0.09031575918197632
Q,K,32,0.09013137221336363
D,G,242,0.0897255539894104
S,L,936,0.08956941962242126
V,M,2320,0.08892545104026794
R,Q,694,0.08884546160697937
G,S,2339,0.08829513192176819
H,R,261,0.08807322382926941
V,M,2320,0.08689537644386293
F,L,3496,0.08667904138565062
K,R,3717,0.08641073107719421
E,K,701,0.08564120531082152
E,K,701,0.08497589826583862
R,Q,694,0.0846337080001831
G,S,2339,0.08451974391937256
H,R,261,0.08421391248703003
V,F,1664,0.08420026302337646
R,L,2068,0.08415743708610535
E,K,701,0.08407357335090637
M,V,1975,0.08326613903045654
E,K,701,0.08159482479095459
T,M,1317,0.08116468787193297
N,H,4127,0.07985326647758484
E,Q,3002,0.07959794998168945
H,R,261,0.07944932579994203
V,I,1166,0.07909148931503296
V,M,2320,0.07786211371421814
H,Y,3111,0.07775381207466125
M,V,1975,0.07768622040748596
V,M,2320,0.07758024334907533
H,Q,956,0.07747069001197815
G,D,3113,0.07732844352722168
M,V,1975,0.07728052139282228
T,M,1317,0.07704991102218628
K,R,3717,0.07687309384346007
R,Q,694,0.07658994197845459
R,S,1941,0.07648876309394836
V,M,2320,0.07602012157440187
G,G,432,0.07593607902526855
H,Y,3111,0.07536354660987854
C,W,1582,0.07530415058135986
H,Y,3111,0.07486990094184875
E,G,80,0.07426881790161133
E,K,701,0.07342374324798584
S,L,936,0.07323932647705078
K,E,3997,0.07321861386299132
D,N,4079,0.07295268774032593
A,P,4510,0.07268360257148743
T,M,1317,0.072419673204422
L,R,3781,0.07225587964057922
Y,H,3138,0.07212832570075989
K,R,3717,0.07207608222961426
E,K,701,0.0715785026550293
K,R,3717,0.07124084234237671
H,L,506,0.07069754600524902
R,W,3673,0.07002800703048706
L,L,3195,0.06951165199279785
E,Q,3002,0.06947910785675049
S,L,936,0.06937539577484131
R,S,1941,0.06925472617149353
E,K,701,0.06918832659721375
V,L,961,0.0686911940574646
Y,H,3138,0.06856605410575868
R,K,3381,0.06851020455360413
E,K,701,0.06818434596061708
S,T,2016,0.06726932525634766
R,G,640,0.0672680139541626
R,K,3381,0.06693750619888306
V,A,3875,0.06676322221755981
A,V,1136,0.06663814187049866
R,H,298,0.06651002168655397
M,I,1975,0.06650844216346741
G,G,432,0.06522238254547119
K,R,3717,0.06469136476516724
M,I,1975,0.06462106108665466
H,Y,3111,0.06451848149299623
A,V,1136,0.06446993350982666
V,M,2320,0.06433436274528502
R,G,640,0.06417465209960938
H,Y,3111,0.06411364674568176
R,N,4683,0.0638752281665802
M,L,2681,0.06382200121879578
R,S,1941,0.06375086307525635
V,L,961,0.06372934579849243
D,A,2735,0.06339460611343384
Y,C,725,0.06304877996444702
K,R,3717,0.06283155083656311
H,R,261,0.06237715482711793
N,S,658,0.06229284405708312
R,Q,694,0.06222563982009888
S,L,936,0.062115788459777825
G,A,1701,0.0617666244506836
K,R,3717,0.06163603067398071
F,L,3496,0.06145530939102172
V,L,961,0.061318129301071174
M,I,1975,0.061222195625305176
A,V,1136,0.06085777282714844
E,K,701,0.060680955648422234
E,Q,3002,0.06058824062347413
R,C,1993,0.06054919958114624
S,L,936,0.060001492500305176
Q,K,32,0.059964925050735474
D,E,1340,0.059752285480499275
K,R,3717,0.058831870555877686
T,M,1317,0.058810353279113776
S,S,2231,0.058720260858535774
P,R,1578,0.058586567640304565
K,R,3717,0.058131098747253425
H,Y,3111,0.057877629995346076
G,A,1701,0.05769506096839905
D,Y,1838,0.056855052709579475
C,S,2007,0.05672037601470947
M,K,2172,0.05633103847503663
E,Q,3002,0.05613046884536743
P,R,1578,0.05609336495399475
W,L,2732,0.05589696764945984
Y,C,725,0.05587849020957947
V,M,2320,0.05576726794242859
E,D,1682,0.05571448802947998
L,P,4698,0.05497637391090393
A,P,4510,0.054835379123687744
V,M,2320,0.05454516410827637
C,Y,361,0.054269641637802124
N,K,2710,0.05404973030090332
D,E,1340,0.054038256406784065
E,K,701,0.053786009550094604
G,A,1701,0.05303704738616944
P,L,1857,0.05266714096069336
E,D,1682,0.052651196718215935
E,D,1682,0.05262473225593567
V,I,1166,0.052359223365783684
P,L,1857,0.052258223295211785
M,I,1975,0.051476120948791504
E,G,80,0.05126312375068665
R,H,298,0.051025390625
F,L,3496,0.050580441951751716
F,V,3714,0.0505291223526001
P,S,967,0.0503612756729126
P,L,1857,0.049962460994720466
V,A,3875,0.04995518922805786
R,Q,694,0.049870669841766364
W,C,3250,0.04980134963989258
R,Q,694,0.04973074793815613
P,L,1857,0.04966020584106445
D,Y,1838,0.04941350221633911
H,D,252,0.04930806159973145
S,R,3938,0.049084365367889404
D,E,1340,0.04891213774681091
P,L,1857,0.04871436953544617
R,C,1993,0.0484677255153656
V,F,1664,0.04822981357574463
C,F,2007,0.04821449518203736
T,M,1317,0.04811683297157288
R,G,640,0.047952860593795776
V,M,2320,0.04794049263000488
M,I,1975,0.047286123037338264
E,V,1880,0.0471189022064209
S,F,333,0.0468914806842804
H,Y,3111,0.04672321677207947
S,L,936,0.045661211013793945
W,C,3250,0.04566001892089844
V,I,1166,0.04553529620170593
E,G,80,0.045502007007598884
H,Q,956,0.04530724883079529
L,P,4698,0.04492291808128357
L,P,4698,0.04474934935569763
P,L,1857,0.04459396004676819
P,L,1857,0.044192343950271606
I,M,597,0.044089078903198235
L,M,677,0.044027119874954224
C,Y,361,0.04391667246818543
K,E,3997,0.04357871413230896
A,V,1136,0.04351797699928284
R,C,1993,0.04335466027259827
D,E,1340,0.043218642473220825
V,I,1166,0.043116211891174316
A,V,1136,0.043069124221801765
K,E,3997,0.04274776577949524
P,L,1857,0.04215052723884583
M,V,1975,0.041878372430801385
D,E,1340,0.04062458872795105
L,M,677,0.040562957525253296
R,H,298,0.04048055410385132
Y,F,823,0.040318846702575684
C,Y,361,0.04027843475341797
R,G,640,0.04027456045150757
S,F,333,0.04009917378425598
S,Y,2653,0.04008084535598755
D,Y,1838,0.03975766897201538
R,C,1993,0.03955507278442383
N,S,658,0.039200454950332635
A,V,1136,0.039193511009216316
V,F,1664,0.03911283612251282
A,V,1136,0.03885677456855774
L,P,4698,0.038815870881080634
V,A,3875,0.03860020637512207
E,G,80,0.03843936324119568
A,V,1136,0.03789034485816956
E,G,80,0.037853896617889404
H,Q,956,0.03772950172424317
R,C,1993,0.03759050369262695
I,N,4635,0.037441685795784
T,N,1827,0.03707781434059143
A,S,2354,0.036441802978515625
E,G,80,0.03641828894615173
H,N,2541,0.035924375057220466
F,Y,3376,0.0357150137424469
E,Q,3002,0.03552767634391785
H,D,252,0.03521701693534851
L,F,3839,0.034970700740814216
R,C,1993,0.034539103507995605
R,C,1993,0.03441774845123291
T,K,1399,0.03391757607460022
R,C,1993,0.0338168740272522
R,C,1993,0.03371039032936096
T,I,3501,0.0335487425327301
T,A,1317,0.03349372744560242
S,R,3938,0.033232331275939934
P,Q,466,0.033207446336746216
K,R,3717,0.0326654314994812
D,E,1340,0.0325869619846344
A,P,4510,0.03248187899589538
Y,H,3138,0.032057732343673706
D,N,4079,0.03175172209739685
L,F,3839,0.03160521388053894
A,G,4512,0.031556695699691766
M,I,1975,0.03150826692581177
A,S,2354,0.03126192092895508
D,A,2735,0.03124144673347473
V,I,1166,0.031020820140838627
K,N,3187,0.03095737099647522
R,P,389,0.03081873059272766
C,S,2007,0.03065401315689087
V,A,3875,0.03048032522201538
R,Q,694,0.03032490611076355
E,G,80,0.03031694889068604
C,G,615,0.030152469873428345
L,P,4698,0.02989766001701355
L,V,3281,0.02983185648918152
V,L,961,0.029711335897445682
P,S,967,0.029703289270401
K,N,3187,0.02941492199897766
E,K,701,0.029103100299835205
V,I,1166,0.029090017080307007
A,S,2354,0.029089450836181637
L,F,3839,0.029061704874038693
R,H,298,0.02894902229309082
R,H,298,0.028817087411880493
L,P,4698,0.028806149959564212
R,H,298,0.0285552442073822
P,S,967,0.028331875801086426
R,H,298,0.028220146894454963
R,H,298,0.02819153666496277
A,V,1136,0.028188467025756836
D,Y,1838,0.02801823616027832
V,G,686,0.027783870697021484
D,V,94,0.02768811583518982
V,D,1664,0.027609139680862427
N,S,658,0.027455568313598636
T,I,3501,0.027347087860107425
L,P,4698,0.02733549475669861
L,F,3839,0.027327030897140503
R,Q,694,0.027074873447418213
L,P,4698,0.027011513710021973
S,L,936,0.02698409557342529
P,S,967,0.026980996131896973
R,H,298,0.026922762393951416
K,R,3717,0.02675724029541016
R,L,2068,0.026688307523727417
N,S,658,0.026460736989974976
R,H,298,0.02645647525787353
T,S,1036,0.02645504474639893
G,V,592,0.026296436786651608
T,A,1317,0.026275277137756348
R,H,298,0.0262489914894104
L,L,3195,0.026172727346420288
W,G,4708,0.026052534580230716
Q,H,4879,0.026026785373687744
R,H,298,0.025999575853347782
P,S,967,0.025911718606948853
N,K,2710,0.025869429111480716
N,S,658,0.02569958567619324
V,A,3875,0.025674700736999508
S,N,1597,0.025598853826522827
A,G,4512,0.025507986545562744
V,A,3875,0.02541512250900269
P,A,448,0.02537265419960022
N,K,2710,0.025151491165161133
T,S,1036,0.02498990297317505
T,I,3501,0.024808645248413086
P,S,967,0.024787962436676025
F,S,4306,0.024544328451156616
H,H,608,0.02451622486114502
R,G,640,0.02437722682952881
F,S,4306,0.024221837520599362
D,Y,1838,0.024124294519424442
P,Q,466,0.024102091789245602
T,S,1036,0.024068981409072883
A,V,1136,0.024029999971389767
R,T,3880,0.02394729852676392
L,F,3839,0.02385821938514709
T,A,1317,0.023851454257965088
G,D,3113,0.023820966482162483
R,H,298,0.023747771978378296
N,S,658,0.02360114455223084
L,V,3281,0.02355712652206421
E,K,701,0.02352607250213623
S,N,1597,0.02340415120124817
P,S,967,0.023268371820449833
T,I,3501,0.02311369776725769
T,I,3501,0.023076891899108887
L,F,3839,0.022969990968704224
S,G,4054,0.022964268922805783
S,G,4054,0.02283602952957153
Q,P,3742,0.022809535264968872
Y,C,725,0.022680222988128662
R,C,1993,0.022659897804260254
N,H,4127,0.02257639169692993
S,G,4054,0.0224953293800354
P,L,1857,0.02230095863342285
M,V,1975,0.022270232439041138
P,A,448,0.022221922874450684
L,V,3281,0.02184206247329712
N,D,4333,0.021832853555679318
A,T,2542,0.021762311458587646
L,F,3839,0.02174597978591919
K,Q,34,0.021736502647399902
T,I,3501,0.021716946735978127
Y,C,725,0.0217033326625824
T,A,1317,0.02165785431861877
L,H,2485,0.021643221378326416
G,R,951,0.02163580060005188
A,G,4512,0.02154409885406494
G,S,2339,0.02122423052787781
I,F,1842,0.02114254236221313
A,D,3757,0.021138310432434082
D,N,4079,0.021062344312667847
A,S,2354,0.021040767431259155
M,T,1300,0.02094167470932007
P,S,967,0.02091062068939209
D,N,4079,0.020811527967453003
L,V,3281,0.02045661211013794
L,F,3839,0.020420819520950317
R,C,1993,0.02037844061851501
S,N,1597,0.02024275064468384
T,A,1317,0.02011057734489441
S,A,1756,0.0200311541557312
D,N,4079,0.02002221345901489
L,V,3281,0.019969075918197632
G,R,951,0.019824117422103882
L,S,4507,0.01977384090423584
N,S,658,0.01953732967376709
G,A,1701,0.019511014223098755
T,I,3501,0.019454091787338257
T,A,1317,0.01938360929489136
K,N,3187,0.019299447536468502
P,A,448,0.01928058266639709
D,N,4079,0.019257396459579468
G,S,2339,0.019175320863723755
I,M,597,0.019157886505126957
L,V,3281,0.01895099878311157
D,V,94,0.0189470648765564
T,R,4535,0.018879473209381104
V,A,3875,0.018846899271011356
D,V,94,0.01839554309844971
Q,R,1436,0.01835155487060547
S,C,1280,0.01828134059906006
E,K,701,0.018220633268356327
P,A,448,0.01818785071372986
V,G,686,0.01816472411155701
A,V,1136,0.01794588565826416
N,S,658,0.017725080251693726
N,D,4333,0.017608553171157837
L,V,3281,0.017602354288101196
A,T,2542,0.017550647258758545
S,N,1597,0.01729494333267212
D,G,242,0.017285734415054318
L,V,3281,0.01725083589553833
N,D,4333,0.017135202884674072
L,V,3281,0.017095625400543213
M,L,2681,0.016872525215148926
G,S,2339,0.016830503940582275
S,C,1280,0.016825705766677856
V,A,3875,0.016763567924499508
D,H,4001,0.016721874475479126
P,S,967,0.016686588525772098
T,S,1036,0.01658597588539124
D,G,242,0.016577303409576416
N,S,658,0.0160476565361023
A,G,4512,0.015927553176879883
R,H,298,0.015925705432891846
D,G,242,0.015883922576904297
L,I,2520,0.01577809453010559
T,A,1317,0.01571178436279297
D,G,242,0.015683650970458984
T,M,1317,0.015554249286651613
D,N,4079,0.01549467444419861
T,N,1827,0.015386313199996947
R,K,3381,0.015323430299758913
R,Q,694,0.015323221683502197
E,K,701,0.015307486057281494
W,C,3250,0.015044152736663818
F,C,13,0.015011638402938845
I,S,419,0.014781028032302856
T,M,1317,0.014780580997467041
T,A,1317,0.01452884078025818
F,L,3496,0.014446258544921875
S,N,1597,0.014350563287734984
D,G,242,0.0140896737575531
L,I,2520,0.013589739799499512
N,D,4333,0.013327270746231079
K,N,3187,0.013313233852386476
T,P,4072,0.013251274824142456
I,F,1842,0.013139307498931885
D,G,242,0.013013869524002077
E,Q,3002,0.012940526008605957
D,G,242,0.012910276651382445
R,Q,694,0.012886077165603638
Y,H,3138,0.012761592864990234
C,R,4592,0.012729257345199585
I,V,2438,0.012707173824310304
I,M,597,0.012562423944473268
T,S,1036,0.01242297887802124
T,A,1317,0.01213189959526062
P,Q,466,0.011982202529907228
R,T,3880,0.01195254921913147
S,F,333,0.011822134256362915
I,L,1432,0.011492013931274414
M,T,1300,0.011480033397674559
A,T,2542,0.01141586899757385
P,S,967,0.011411011219024658
D,A,2735,0.011351853609085085
D,N,4079,0.011323928833007812
S,C,1280,0.011323422193527222
I,V,2438,0.011211812496185304
L,I,2520,0.011067509651184082
L,P,4698,0.011054664850234984
S,C,1280,0.01093178987503052
E,A,4182,0.010862499475479126
S,C,1280,0.010656148195266724
S,N,1597,0.010652989149093628
R,S,1941,0.010647207498550415
G,A,1701,0.010383903980255129
M,T,1300,0.010344266891479492
I,L,1432,0.010110199451446531
A,V,1136,0.009896785020828249
M,T,1300,0.009808093309402466
M,I,1975,0.009615182876586914
D,H,4001,0.009590059518814087
M,T,1300,0.009492188692092896
M,T,1300,0.009480983018875122
E,D,1682,0.009322106838226318
A,V,1136,0.009290486574172974
I,V,2438,0.009016692638397215
A,T,2542,0.00887182354927063
D,H,4001,0.00886392593383789
F,L,3496,0.008857399225234984
K,R,3717,0.008851379156112671
D,H,4001,0.00867384672164917
A,T,2542,0.00856637954711914
I,V,2438,0.008425027132034302
N,Y,607,0.008386433124542236
I,V,2438,0.008381068706512451
V,G,686,0.007930636405944824
M,T,1300,0.007847338914871216
R,C,1993,0.007833182811737059
L,F,3839,0.007706493139266969
E,G,80,0.0075381994247436515
R,T,3880,0.00744253396987915
I,V,2438,0.007356196641921997
R,H,298,0.007196754217147826
R,C,1993,0.007114410400390625
I,N,4635,0.007076412439346314
M,T,1300,0.007067471742630005
D,G,242,0.006602168083190918
I,V,2438,0.0066010355949401855
P,T,3209,0.006466150283813477
A,T,2542,0.006367146968841553
I,V,2438,0.006351202726364136
R,H,298,0.006256848573684692
L,F,3839,0.00615367293357849
I,V,2438,0.0061007440090179435
P,A,448,0.006084650754928589
R,H,298,0.0059355199337005615
Q,X,4229,0.005851238965988159
D,N,4079,0.005787193775177002
A,T,2542,0.005677670240402222
A,T,2542,0.005673885345458984
A,T,2542,0.0055705010890960685
V,A,3875,0.005481809377670288
A,S,2354,0.005437105894088745
F,C,13,0.005415916442871094
S,T,2016,0.005274832248687744
N,T,1002,0.005205512046813965
A,T,2542,0.005189359188079834
S,T,2016,0.00499880313873291
K,T,3589,0.004964917898178101
K,N,3187,0.004949718713760376
N,S,658,0.004864752292633057
M,T,1300,0.004853665828704834
N,S,658,0.0048389732837677
P,T,3209,0.004815667867660522
A,T,2542,0.00477367639541626
A,T,2542,0.0047607123851776114
D,N,4079,0.004664421081542969
L,R,3781,0.004646599292755127
I,N,4635,0.004620373249053955
S,T,2016,0.0044468939304351815
A,T,2542,0.004389286041259766
S,G,4054,0.004362642765045166
L,S,4507,0.004362195730209351
S,T,2016,0.0043569207191467285
K,T,3589,0.004269808530807495
A,T,2542,0.004213542677462101
P,T,3209,0.004054844379425049
A,T,2542,0.003948003053665161
D,N,4079,0.003923147916793822
A,T,2542,0.0038754940032958976
P,T,3209,0.0037809312343597408
D,G,242,0.00362616777420044
G,X,385,0.0032633841037750244
S,T,2016,0.003192305564880371
A,T,2542,0.0031572282314300537
N,D,4333,0.0031413137912750244
K,T,3589,0.0022727251052856445
I,T,4588,0.002064913511276245
R,X,3084,0.0019933581352233887
R,X,3084,0.0016273260116577148
I,T,4588,0.0015646815299987793
Q,X,4229,0.0013467967510223387
A,T,2542,0.0012708796421065929
I,T,4588,0.001246929168701172
A,T,2542,0.0012288689613342285
K,X,4429,0.0005349218845367432
I,T,4588,0.0004903674125671387
I,T,4588,0.00038570165634155273
I,T,4588,0.0002975165843963623
