Residue_ID,Wild_Type,Variant,PSSM,Rate_of_Evolution,Label
46,A,T,1.22,4.094,0
110,V,I,1.77,1.976,1
111,Y,C,12.38,1.094,1
114,L,P,8.91,0.3189,1
117,P,L,12.45,0.4344,1
140,S,G,7.58,0.3528,1
141,V,M,6.46,0.5978,1
147,Q,R,5.88,1.995,0
168,G,R,9.72,1.595,1
174,R,C,11.94,0.151,1
178,A,T,7.14,0.4896,1
179,G,S,8.23,1.544,0
190,R,Q,7.69,0.6565,1
191,L,P,8.57,1.967,1
193,F,L,8.26,1.243,1
202,D,E,7.31,0.1174,1
202,D,H,10.14,0.1174,1
202,D,N,7.56,0.1174,1
204,I,F,7.48,1.166,1
204,I,M,2.76,1.166,1
204,I,N,10.53,1.166,1
205,V,M,6.81,0.4373,1
207,V,M,4.48,2.322,0
209,S,F,10.14,0.3612,1
209,S,P,8.45,0.3612,1
215,V,M,4.18,1.855,1
225,S,L,10.22,0.5382,1
231,R,C,12.58,0.2855,1
231,R,H,9.19,0.2855,1
235,I,N,11.64,0.4978,1
236,L,R,9.01,0.7966,1
243,R,C,12.58,0.3992,1
243,R,H,9.19,0.3992,1
248,W,R,17.24,1.461,1
251,L,P,9.77,0.6864,1
254,V,M,6.81,0.738,1
258,H,R,12.12,1.042,1
259,R,C,9.64,0.914,1
259,R,H,7.68,0.914,1
261,E,D,6.62,0.6798,1
261,E,K,7.41,0.6798,1
265,T,I,7.52,0.3957,1
269,G,D,9.51,0.6323,1
269,G,S,8.41,0.6323,1
272,G,V,3.55,0.7165,1
275,F,S,11.68,0.8148,1
277,S,L,10.22,0.3139,1
279,F,I,7.32,0.7992,1
281,Y,C,13.2,0.6599,1
283,A,T,6.33,0.9759,1
296,F,S,12.32,0.4958,1
300,A,T,7.26,0.62,1
302,A,V,7.24,0.1591,1
305,W,S,17.32,0.3242,1
307,V,L,3.71,0.5225,1
310,V,I,3.08,0.6607,1
313,I,K,11.05,0.1534,1
314,G,S,8.41,0.06888,1
315,Y,C,13.2,0.3916,1
315,Y,S,12.42,0.3916,1
316,G,E,10.37,0.05287,1
320,P,A,10.86,0.2219,1
320,P,H,12.32,0.2219,1
322,T,A,8.32,0.2149,1
322,T,M,9,0.2149,1
325,G,R,10.58,0.1235,1
338,S,F,10.14,0.409,1
339,F,S,12.32,0.3956,1
341,A,V,7.42,0.3778,1
342,L,F,6.23,0.6439,1
343,P,S,10.86,0.3279,1
344,A,V,7.4,0.3204,1
357,Q,R,7.09,0.6863,1
360,R,G,11.41,1.042,1
366,R,P,9.15,0.3871,1
366,R,Q,6.16,0.3871,1
366,R,W,10.32,0.3871,1
371,A,T,7.26,0.1523,1
373,S,P,6.06,1.629,1
379,W,R,17.24,0.3489,1
380,R,S,9.75,0.3027,1
391,T,I,9.03,0.261,0
392,W,R,16.87,1.454,1
393,K,M,7.75,2.154,1
393,K,N,3.56,2.154,0
397,R,Q,4.41,2.289,0
397,R,W,8.23,2.289,1
417,V,M,-4.46,4.87,0
448,P,R,2.7,4.808,0
455,H,Y,5.53,4.871,1
520,M,R,12.09,0.9933,1
522,Y,S,11.33,0.6934,1
525,A,T,6.71,0.3731,1
533,R,W,9.46,0.4498,0
539,R,W,10.11,0.3226,1
546,S,L,10.26,0.1776,1
555,R,C,12.73,0.2751,1
555,R,H,9.34,0.2751,1
557,K,E,7.53,0.2782,1
562,R,M,10.54,0.3266,1
583,R,H,5.69,4.713,0
589,G,D,8.38,1.456,1
590,A,T,5.2,0.8497,1
594,R,Q,6.31,1.004,1
611,D,Y,4.14,2.709,0
619,L,M,0.83,2.44,1
643,G,S,-1.1,1.479,0
