MLP_Layer,Learning_Rate,Dropout_Rate,Ensemble_Size,Mean_Best_Epoch,Mean_Accuracy,Std_Accuracy,Mean_AUROC,Std_AUROC,Mean_Avg_Precision,Std_Avg_Precision,Gen_Best_Epoch,Gen_Accuracy,Gen_AUROC,Gen_Avg_Precision,Calibration_Slope
"[30, 20]",0.0001,0,1,epoch_365,0.8189,0.1646,0.7991,0.1955,0.5678,0.2647,133,0.9004,0.7802,0.3403,0.7477
"[60, 60]",0.0001,0,1,epoch_204,0.8288,0.1578,0.8042,0.1913,0.576,0.2626,109,0.8825,0.8138,0.3727,0.6642
"[60, 60, 40]",0.0001,0,1,epoch_137,0.8566,0.1017,0.8188,0.1723,0.5777,0.2546,61,0.8933,0.7997,0.3726,1.1226
"[120, 60, 20]",0.0001,0,1,epoch_141,0.8297,0.1537,0.8166,0.1804,0.5942,0.2645,76,0.8966,0.8102,0.3536,0.8248
"[120, 60, 40]",0.0001,0,1,epoch_143,0.8264,0.1631,0.8128,0.188,0.6,0.2724,64,0.9027,0.8142,0.3769,0.9086
"[30, 20]",0.0001,0,3,epoch_390,0.8165,0.1639,0.7993,0.1912,0.5662,0.2682,143,0.9023,0.787,0.3405,0.7334
"[60, 60]",0.0001,0,3,epoch_209,0.8297,0.1515,0.8046,0.1909,0.5792,0.2616,103,0.8966,0.8111,0.3674,0.7328
"[60, 60, 40]",0.0001,0,3,epoch_165,0.8377,0.1412,0.8163,0.1788,0.5932,0.2622,55,0.8933,0.792,0.3701,1.1671
"[120, 60, 20]",0.0001,0,3,epoch_164,0.8236,0.1637,0.8118,0.1852,0.5902,0.2748,76,0.8976,0.8079,0.3566,0.8731
"[120, 60, 40]",0.0001,0,3,epoch_135,0.8358,0.1489,0.8162,0.1811,0.599,0.2655,65,0.9008,0.8158,0.3782,0.9165
"[30, 20]",0.0001,0.2,1,epoch_426,0.8226,0.1698,0.8007,0.1937,0.5738,0.2674,121,0.9013,0.7806,0.3483,0.8751
"[60, 60]",0.0001,0.2,1,epoch_187,0.8424,0.1336,0.8136,0.1837,0.5884,0.262,99,0.8952,0.816,0.3801,0.7781
"[60, 60, 40]",0.0001,0.2,1,epoch_123,0.8749,0.0715,0.8271,0.1604,0.5894,0.2516,59,0.8933,0.8037,0.3794,1.1486
"[120, 60, 20]",0.0001,0.2,1,epoch_163,0.8368,0.1472,0.8182,0.1792,0.5953,0.2701,78,0.899,0.816,0.3698,0.877
"[120, 60, 40]",0.0001,0.2,1,epoch_123,0.8518,0.1204,0.8271,0.1691,0.6038,0.2622,69,0.9023,0.8224,0.3882,0.9235
"[30, 20]",0.0001,0.2,3,epoch_447,0.8198,0.1642,0.7999,0.1924,0.5745,0.27,143,0.8999,0.794,0.3476,0.8009
"[60, 60]",0.0001,0.2,3,epoch_217,0.8349,0.1454,0.8086,0.1891,0.5865,0.2643,101,0.899,0.8162,0.3749,0.8018
"[60, 60, 40]",0.0001,0.2,3,epoch_175,0.8429,0.1365,0.8197,0.1772,0.6022,0.2643,53,0.8933,0.7962,0.3824,1.2329
"[120, 60, 20]",0.0001,0.2,3,epoch_175,0.8358,0.1495,0.8154,0.1809,0.5973,0.2685,65,0.8933,0.8033,0.3706,1.0159
"[120, 60, 40]",0.0001,0.2,3,epoch_120,0.8561,0.1159,0.8285,0.1645,0.604,0.2575,69,0.9008,0.823,0.3901,0.9189
"[30, 20]",0.0001,0.4,1,epoch_432,0.8302,0.1616,0.8092,0.1873,0.5852,0.2751,120,0.8985,0.7892,0.3621,1.0259
"[60, 60]",0.0001,0.4,1,epoch_198,0.8471,0.1256,0.8199,0.1786,0.5991,0.2663,84,0.9032,0.8169,0.3921,0.9853
"[60, 60, 40]",0.0001,0.4,1,epoch_169,0.8561,0.1086,0.8293,0.1665,0.6012,0.2607,69,0.8933,0.8197,0.3977,1.149
"[120, 60, 20]",0.0001,0.4,1,epoch_171,0.8518,0.1253,0.8271,0.168,0.6047,0.2643,76,0.8999,0.8222,0.3953,0.9857
"[120, 60, 40]",0.0001,0.4,1,epoch_128,0.8612,0.1049,0.835,0.1564,0.6084,0.2568,76,0.9027,0.83,0.4024,0.9488
"[30, 20]",0.0001,0.4,3,epoch_413,0.8372,0.1436,0.8094,0.1825,0.5808,0.2662,121,0.8985,0.7892,0.3561,1.0009
"[60, 60]",0.0001,0.4,3,epoch_240,0.834,0.149,0.8114,0.1887,0.598,0.2685,85,0.9008,0.8159,0.3838,1.003
"[60, 60, 40]",0.0001,0.4,3,epoch_177,0.8514,0.1218,0.8268,0.1695,0.6084,0.2654,53,0.8933,0.8057,0.4021,1.3676
"[120, 60, 20]",0.0001,0.4,3,epoch_209,0.8401,0.1436,0.8171,0.1793,0.6034,0.2692,56,0.8933,0.8007,0.3913,1.2062
"[120, 60, 40]",0.0001,0.4,3,epoch_135,0.8589,0.114,0.8339,0.1596,0.6127,0.2581,65,0.8999,0.8248,0.4059,1.0598
"[30, 20]",0.0001,0.6,1,epoch_497,0.8405,0.1463,0.8159,0.1785,0.5966,0.2784,120,0.8929,0.7962,0.3793,1.4215
"[60, 60]",0.0001,0.6,1,epoch_192,0.8669,0.0918,0.8322,0.1623,0.6094,0.2598,94,0.9041,0.8286,0.4138,1.1879
"[60, 60, 40]",0.0001,0.6,1,epoch_167,0.8782,0.0695,0.8451,0.1454,0.6171,0.2532,89,0.8924,0.8378,0.4341,1.2197
"[120, 60, 20]",0.0001,0.6,1,epoch_196,0.8655,0.104,0.8372,0.1532,0.6151,0.2609,76,0.8929,0.8257,0.4127,1.2637
"[120, 60, 40]",0.0001,0.6,1,epoch_53,0.8933,0.0019,0.8507,0.1062,0.618,0.2367,53,0.8933,0.8151,0.4236,1.5642
"[30, 20]",0.0001,0.6,3,epoch_475,0.8452,0.1336,0.8161,0.175,0.592,0.2714,138,0.8943,0.8053,0.3768,1.227
"[60, 60]",0.0001,0.6,3,epoch_202,0.8613,0.0979,0.831,0.1651,0.6131,0.2632,79,0.8985,0.8224,0.4063,1.4054
"[60, 60, 40]",0.0001,0.6,3,epoch_177,0.8725,0.0863,0.8464,0.1433,0.6266,0.2585,58,0.8933,0.8203,0.4353,1.7783
"[120, 60, 20]",0.0001,0.6,3,epoch_236,0.8528,0.1227,0.8321,0.1619,0.6174,0.2691,71,0.8933,0.8207,0.4229,1.3546
"[120, 60, 40]",0.0001,0.6,3,epoch_136,0.8763,0.0783,0.8503,0.1324,0.6235,0.2483,56,0.8933,0.82,0.4362,1.5568
"[30, 20]",0.001,0,1,epoch_38,0.8184,0.1642,0.8043,0.1929,0.5771,0.2668,15,0.9013,0.7877,0.3516,0.7824
"[60, 60]",0.001,0,1,epoch_23,0.8349,0.1436,0.807,0.1869,0.5753,0.2605,10,0.9027,0.8116,0.3857,0.8442
"[60, 60, 40]",0.001,0,1,epoch_7,0.8933,0.0019,0.8094,0.1531,0.5849,0.2818,7,0.8933,0.7991,0.39,1.1999
"[120, 60, 20]",0.001,0,1,epoch_20,0.833,0.1466,0.8182,0.1724,0.5854,0.2582,10,0.8985,0.8166,0.3688,0.877
"[120, 60, 40]",0.001,0,1,epoch_18,0.8481,0.1248,0.8202,0.172,0.5965,0.2519,9,0.8985,0.8221,0.3875,0.907
"[30, 20]",0.001,0,3,epoch_43,0.818,0.1602,0.8008,0.189,0.5713,0.2681,13,0.8961,0.7751,0.3409,0.8519
"[60, 60]",0.001,0,3,epoch_22,0.8406,0.1342,0.8102,0.1843,0.5809,0.2614,10,0.8999,0.8112,0.3759,0.8762
"[60, 60, 40]",0.001,0,3,epoch_18,0.8598,0.0951,0.8215,0.1697,0.5908,0.2545,7,0.8933,0.8016,0.3826,1.2344
"[120, 60, 20]",0.001,0,3,epoch_21,0.8406,0.1306,0.8145,0.1752,0.5846,0.2581,8,0.8933,0.8003,0.3729,1.014
"[120, 60, 40]",0.001,0,3,epoch_18,0.8438,0.1328,0.8208,0.1723,0.5992,0.2572,8,0.8933,0.8197,0.3936,0.9824
"[30, 20]",0.001,0.2,1,epoch_42,0.8292,0.1686,0.8057,0.1923,0.5866,0.2654,15,0.9027,0.7938,0.3606,0.8302
"[60, 60]",0.001,0.2,1,epoch_20,0.8486,0.1228,0.8195,0.1752,0.5867,0.2574,10,0.9023,0.8179,0.3943,0.8836
"[60, 60, 40]",0.001,0.2,1,epoch_19,0.8603,0.0918,0.8256,0.1667,0.5897,0.2568,7,0.8933,0.8035,0.3935,1.1812
"[120, 60, 20]",0.001,0.2,1,epoch_19,0.8485,0.126,0.8243,0.1677,0.5943,0.2542,10,0.898,0.8212,0.3863,0.911
"[120, 60, 40]",0.001,0.2,1,epoch_19,0.8434,0.1372,0.8239,0.1726,0.6046,0.2578,9,0.898,0.8272,0.3957,0.9317
"[30, 20]",0.001,0.2,3,epoch_42,0.8353,0.1496,0.8066,0.1862,0.5803,0.2627,14,0.8976,0.7895,0.3503,0.8608
"[60, 60]",0.001,0.2,3,epoch_18,0.8589,0.0999,0.8224,0.1711,0.5912,0.2587,10,0.8994,0.8172,0.384,0.9132
"[60, 60, 40]",0.001,0.2,3,epoch_18,0.8631,0.0899,0.8282,0.1662,0.6041,0.2587,8,0.8933,0.8194,0.3922,1.1154
"[120, 60, 20]",0.001,0.2,3,epoch_20,0.8509,0.1195,0.8223,0.1689,0.5949,0.2567,8,0.8933,0.8086,0.3848,1.0239
"[120, 60, 40]",0.001,0.2,3,epoch_18,0.8476,0.1279,0.8251,0.1709,0.6053,0.2597,8,0.8933,0.8249,0.4008,0.9957
"[30, 20]",0.001,0.4,1,epoch_45,0.8325,0.1596,0.8099,0.1889,0.5896,0.2709,16,0.9013,0.8082,0.3695,0.8959
"[60, 60]",0.001,0.4,1,epoch_20,0.8514,0.118,0.8246,0.1721,0.5967,0.257,10,0.9037,0.8271,0.409,0.9604
"[60, 60, 40]",0.001,0.4,1,epoch_20,0.8557,0.1063,0.8313,0.1659,0.6019,0.2607,7,0.8933,0.8171,0.4159,1.2215
"[120, 60, 20]",0.001,0.4,1,epoch_22,0.8415,0.141,0.8218,0.1763,0.6021,0.2707,10,0.8976,0.8311,0.4161,0.9877
"[120, 60, 40]",0.001,0.4,1,epoch_19,0.8542,0.1215,0.8337,0.1643,0.6169,0.262,9,0.899,0.8391,0.4269,1.001
"[30, 20]",0.001,0.4,3,epoch_44,0.8396,0.1419,0.8096,0.1845,0.5852,0.2661,14,0.8966,0.7971,0.3596,0.9522
"[60, 60]",0.001,0.4,3,epoch_18,0.8641,0.0917,0.8277,0.1693,0.6035,0.2582,9,0.8985,0.8198,0.3974,1.0252
"[60, 60, 40]",0.001,0.4,3,epoch_22,0.8528,0.1193,0.8263,0.1728,0.612,0.2654,6,0.8933,0.8052,0.4118,1.3957
"[120, 60, 20]",0.001,0.4,3,epoch_19,0.8627,0.0967,0.8319,0.1589,0.6051,0.2567,7,0.8933,0.8088,0.4088,1.1819
"[120, 60, 40]",0.001,0.4,3,epoch_17,0.866,0.0963,0.834,0.1613,0.6117,0.2578,8,0.8933,0.8326,0.4191,1.0479
"[30, 20]",0.001,0.6,1,epoch_46,0.8471,0.1312,0.8229,0.1655,0.598,0.2619,11,0.8933,0.7901,0.3878,1.6611
"[60, 60]",0.001,0.6,1,epoch_10,0.9023,0.0141,0.8412,0.1351,0.6095,0.2482,10,0.9023,0.835,0.4258,1.1824
"[60, 60, 40]",0.001,0.6,1,epoch_10,0.8933,0.0019,0.8543,0.1195,0.6209,0.2399,8,0.8933,0.8377,0.4549,1.4109
"[120, 60, 20]",0.001,0.6,1,epoch_23,0.8632,0.0973,0.8376,0.1491,0.6112,0.2602,8,0.8933,0.8197,0.4234,1.3313
"[120, 60, 40]",0.001,0.6,1,epoch_7,0.8933,0.0019,0.8598,0.0972,0.6258,0.2305,7,0.8933,0.8272,0.4375,1.3314
"[30, 20]",0.001,0.6,3,epoch_51,0.8443,0.1342,0.8172,0.179,0.6031,0.2671,16,0.8943,0.8152,0.3841,1.1138
"[60, 60]",0.001,0.6,3,epoch_24,0.8608,0.1021,0.8288,0.1712,0.6148,0.2672,8,0.8933,0.8229,0.4196,1.3817
"[60, 60, 40]",0.001,0.6,3,epoch_7,0.8933,0.0019,0.8578,0.1072,0.6271,0.242,7,0.8933,0.8296,0.4472,1.6383
"[120, 60, 20]",0.001,0.6,3,epoch_17,0.8862,0.0353,0.8499,0.1258,0.6162,0.2454,8,0.8933,0.825,0.437,1.3541
"[120, 60, 40]",0.001,0.6,3,epoch_7,0.8933,0.0019,0.8602,0.0947,0.6304,0.229,8,0.8933,0.8383,0.4607,1.3086
"[30, 20]",0.01,0,1,epoch_6,0.8273,0.1728,0.8155,0.1736,0.594,0.2601,3,0.8933,0.818,0.385,0.6896
"[60, 60]",0.01,0,1,epoch_2,0.898,0.0137,0.8398,0.1357,0.6076,0.2379,1,0.8933,0.8298,0.4054,0.8631
"[60, 60, 40]",0.01,0,1,epoch_1,0.8933,0.0019,0.8463,0.1125,0.6008,0.2594,0,0.8933,0.792,0.3884,2.3619
"[120, 60, 20]",0.01,0,1,epoch_1,0.8933,0.0019,0.8433,0.1145,0.6041,0.2465,1,0.8933,0.8286,0.3809,0.8371
"[120, 60, 40]",0.01,0,1,epoch_3,0.8999,0.0165,0.8172,0.1706,0.597,0.2593,0,0.8933,0.8016,0.3987,1.7599
"[30, 20]",0.01,0,3,epoch_6,0.8335,0.1424,0.8107,0.1776,0.5828,0.2542,2,0.8933,0.8068,0.3572,0.8424
"[60, 60]",0.01,0,3,epoch_4,0.8405,0.137,0.8136,0.1823,0.5984,0.259,1,0.8933,0.8264,0.4055,0.8853
"[60, 60, 40]",0.01,0,3,epoch_1,0.8933,0.0019,0.8504,0.1088,0.6119,0.239,0,0.8933,0.7867,0.3877,2.3762
"[120, 60, 20]",0.01,0,3,epoch_1,0.8933,0.0019,0.8377,0.1166,0.5984,0.247,1,0.8933,0.8193,0.3555,0.8359
"[120, 60, 40]",0.01,0,3,epoch_1,0.8933,0.0019,0.8457,0.1159,0.6039,0.2367,0,0.8933,0.7952,0.3895,1.7541
"[30, 20]",0.01,0.2,1,epoch_3,0.8929,0.0017,0.8386,0.1239,0.5976,0.2355,2,0.8933,0.8124,0.3895,0.8442
"[60, 60]",0.01,0.2,1,epoch_2,0.8976,0.0123,0.8412,0.1434,0.6231,0.246,1,0.8929,0.835,0.3958,0.8461
"[60, 60, 40]",0.01,0.2,1,epoch_1,0.8933,0.0019,0.8456,0.1217,0.6159,0.2556,2,0.8933,0.8454,0.4344,0.9365
"[120, 60, 20]",0.01,0.2,1,epoch_2,0.8933,0.0019,0.8441,0.1371,0.6233,0.2477,1,0.8933,0.8353,0.3933,0.8495
"[120, 60, 40]",0.01,0.2,1,epoch_1,0.8933,0.0019,0.8512,0.1159,0.6139,0.2459,0,0.8933,0.8126,0.4257,1.6502
"[30, 20]",0.01,0.2,3,epoch_7,0.8316,0.1487,0.8078,0.1859,0.5916,0.264,1,0.8933,0.7684,0.359,1.1262
"[60, 60]",0.01,0.2,3,epoch_2,0.8985,0.0135,0.8397,0.1417,0.6076,0.2425,1,0.8933,0.8308,0.4028,0.874
"[60, 60, 40]",0.01,0.2,3,epoch_1,0.8933,0.0019,0.8561,0.1056,0.6273,0.2374,0,0.8933,0.7948,0.4067,2.0412
"[120, 60, 20]",0.01,0.2,3,epoch_1,0.8933,0.0019,0.8421,0.1142,0.6062,0.247,1,0.8933,0.8287,0.391,0.8491
"[120, 60, 40]",0.01,0.2,3,epoch_1,0.8933,0.0019,0.8514,0.1148,0.6175,0.2427,0,0.8933,0.7998,0.4074,1.5674
"[30, 20]",0.01,0.4,1,epoch_3,0.8943,0.0041,0.8524,0.1076,0.6107,0.215,2,0.8933,0.8118,0.3782,0.8745
"[60, 60]",0.01,0.4,1,epoch_2,0.8877,0.0241,0.8389,0.1409,0.6131,0.2484,0,0.8933,0.8111,0.4146,1.3878
"[60, 60, 40]",0.01,0.4,1,epoch_2,0.8933,0.0019,0.8378,0.1461,0.6122,0.2552,0,0.8933,0.8125,0.4476,1.7019
"[120, 60, 20]",0.01,0.4,1,epoch_2,0.8933,0.0019,0.8397,0.1289,0.6102,0.2417,2,0.8933,0.835,0.4323,0.8011
"[120, 60, 40]",0.01,0.4,1,epoch_1,0.8933,0.0019,0.8497,0.1221,0.6193,0.2429,0,0.8933,0.8281,0.4735,1.4144
"[30, 20]",0.01,0.4,3,epoch_3,0.8933,0.0019,0.8424,0.1237,0.5972,0.2414,1,0.8933,0.7816,0.3672,1.1203
"[60, 60]",0.01,0.4,3,epoch_4,0.8542,0.0927,0.821,0.1828,0.6126,0.2731,1,0.8929,0.8317,0.402,0.8339
"[60, 60, 40]",0.01,0.4,3,epoch_1,0.8933,0.0019,0.853,0.1072,0.6189,0.24,0,0.8933,0.7963,0.4168,1.7516
"[120, 60, 20]",0.01,0.4,3,epoch_1,0.8933,0.0019,0.8401,0.1166,0.6062,0.2475,1,0.8933,0.8322,0.4347,0.8652
"[120, 60, 40]",0.01,0.4,3,epoch_1,0.8933,0.0019,0.8478,0.1172,0.6213,0.2444,0,0.8933,0.8034,0.4236,1.3771
"[30, 20]",0.01,0.6,1,epoch_4,0.8962,0.0096,0.8542,0.1103,0.6089,0.2328,3,0.8933,0.8369,0.4451,0.8673
"[60, 60]",0.01,0.6,1,epoch_0,0.8933,0.0019,0.8371,0.1271,0.6169,0.2686,0,0.8933,0.8173,0.4602,1.3943
"[60, 60, 40]",0.01,0.6,1,epoch_1,0.8933,0.0019,0.8508,0.1178,0.6414,0.2357,2,0.8933,0.8631,0.4939,0.9043
"[120, 60, 20]",0.01,0.6,1,epoch_5,0.8943,0.0022,0.8328,0.144,0.6051,0.2694,2,0.8933,0.8408,0.4536,0.8259
"[120, 60, 40]",0.01,0.6,1,epoch_0,0.8933,0.0019,0.8527,0.0999,0.6218,0.2326,2,0.8933,0.8538,0.459,0.868
"[30, 20]",0.01,0.6,3,epoch_5,0.8976,0.0138,0.8397,0.1451,0.6044,0.2633,1,0.8933,0.7876,0.3884,1.2038
"[60, 60]",0.01,0.6,3,epoch_2,0.8943,0.0022,0.8485,0.1184,0.6102,0.2499,1,0.8933,0.8321,0.4287,0.914
"[60, 60, 40]",0.01,0.6,3,epoch_2,0.8933,0.0019,0.8568,0.1151,0.624,0.2459,1,0.8933,0.8385,0.4237,1.0738
"[120, 60, 20]",0.01,0.6,3,epoch_5,0.8933,0.0019,0.8336,0.1549,0.6147,0.2697,1,0.8933,0.8279,0.4546,1.0057
"[120, 60, 40]",0.01,0.6,3,epoch_5,0.8933,0.0019,0.8298,0.1643,0.6077,0.2696,1,0.8933,0.8339,0.425,0.9463
"[30, 20]",0.1,0,1,epoch_0,0.8933,0.0019,0.8784,0.077,0.6078,0.2111,0,0.8933,0.8441,0.3463,0.8333
"[60, 60]",0.1,0,1,epoch_0,0.8933,0.0019,0.8207,0.1419,0.5247,0.2716,0,0.8933,0.8074,0.3015,0.7703
"[60, 60, 40]",0.1,0,1,epoch_0,0.8933,0.0019,0.8143,0.1216,0.5348,0.2239,0,0.8933,0.8077,0.4036,1.5789
"[120, 60, 20]",0.1,0,1,epoch_0,0.8933,0.0019,0.8192,0.1281,0.5379,0.2505,0,0.8933,0.8314,0.4292,1.6376
"[120, 60, 40]",0.1,0,1,epoch_1,0.8933,0.0019,0.8298,0.1139,0.521,0.2237,1,0.8933,0.7932,0.3758,1.1955
"[30, 20]",0.1,0,3,epoch_0,0.8933,0.0019,0.8336,0.1264,0.5712,0.2311,0,0.8933,0.8167,0.2855,0.8306
"[60, 60]",0.1,0,3,epoch_0,0.8933,0.0019,0.8243,0.1489,0.556,0.2732,0,0.8933,0.8128,0.2679,0.9203
"[60, 60, 40]",0.1,0,3,epoch_0,0.8933,0.0019,0.811,0.1147,0.533,0.2309,0,0.8933,0.7845,0.3705,1.4301
"[120, 60, 20]",0.1,0,3,epoch_0,0.8933,0.0019,0.8243,0.1199,0.5589,0.257,0,0.8933,0.8038,0.4206,1.524
"[120, 60, 40]",0.1,0,3,epoch_1,0.8933,0.0019,0.822,0.1152,0.5211,0.26,1,0.8933,0.791,0.2738,1.6891
"[30, 20]",0.1,0.2,1,epoch_0,0.8933,0.0019,0.8346,0.1365,0.5673,0.2605,0,0.8933,0.8371,0.3536,0.7456
"[60, 60]",0.1,0.2,1,epoch_1,0.866,0.0768,0.8098,0.1532,0.5227,0.2764,0,0.8933,0.8186,0.345,0.9159
"[60, 60, 40]",0.1,0.2,1,epoch_0,0.8933,0.0019,0.8123,0.1386,0.5261,0.2415,0,0.8933,0.8088,0.4045,1.4103
"[120, 60, 20]",0.1,0.2,1,epoch_0,0.8933,0.0019,0.8079,0.1468,0.5337,0.2488,0,0.8933,0.8168,0.3869,1.3806
"[120, 60, 40]",0.1,0.2,1,epoch_3,0.8458,0.1039,0.8071,0.1468,0.5152,0.2711,1,0.8933,0.8133,0.3078,1.1297
"[30, 20]",0.1,0.2,3,epoch_0,0.8933,0.0019,0.8249,0.1425,0.5612,0.2683,0,0.8933,0.8256,0.3279,0.8237
"[60, 60]",0.1,0.2,3,epoch_0,0.8933,0.0019,0.8396,0.1367,0.5843,0.2774,0,0.8933,0.8288,0.33,1.0307
"[60, 60, 40]",0.1,0.2,3,epoch_0,0.8933,0.0019,0.8139,0.1333,0.534,0.2306,0,0.8933,0.789,0.3875,1.3235
"[120, 60, 20]",0.1,0.2,3,epoch_0,0.8933,0.0019,0.8127,0.141,0.5484,0.2555,0,0.8933,0.7861,0.4261,1.3224
"[120, 60, 40]",0.1,0.2,3,epoch_1,0.8933,0.0019,0.8436,0.138,0.5625,0.2698,1,0.8933,0.8183,0.3149,1.3282
"[30, 20]",0.1,0.4,1,epoch_1,0.8933,0.0019,0.8224,0.1507,0.5302,0.2942,0,0.8933,0.8074,0.2567,0.727
"[60, 60]",0.1,0.4,1,epoch_3,0.8524,0.1152,0.8156,0.1509,0.519,0.2888,0,0.8938,0.8252,0.382,0.9046
"[60, 60, 40]",0.1,0.4,1,epoch_1,0.8947,0.0055,0.8541,0.0976,0.5745,0.2463,0,0.8933,0.829,0.4451,1.2606
"[120, 60, 20]",0.1,0.4,1,epoch_0,0.8933,0.0019,0.8112,0.1461,0.5548,0.2555,0,0.8933,0.8154,0.4301,1.4085
"[120, 60, 40]",0.1,0.4,1,epoch_0,0.8938,0.0021,0.8018,0.1113,0.4853,0.2387,1,0.8938,0.8181,0.3382,1.0124
"[30, 20]",0.1,0.4,3,epoch_1,0.8933,0.0019,0.8187,0.1566,0.5596,0.2777,0,0.8933,0.8152,0.3413,0.8195
"[60, 60]",0.1,0.4,3,epoch_0,0.8943,0.0043,0.8196,0.1609,0.5699,0.2748,0,0.8943,0.8274,0.418,1.0043
"[60, 60, 40]",0.1,0.4,3,epoch_1,0.8933,0.0019,0.851,0.1093,0.6056,0.236,0,0.8933,0.8184,0.4091,1.3337
"[120, 60, 20]",0.1,0.4,3,epoch_0,0.8938,0.0029,0.8193,0.1332,0.5853,0.2579,1,0.8971,0.8279,0.3563,1.0148
"[120, 60, 40]",0.1,0.4,3,epoch_0,0.8933,0.0019,0.8115,0.1385,0.5586,0.2435,573,0.8933,0.7345,0.3979,10000.0
"[30, 20]",0.1,0.6,1,epoch_0,0.8933,0.0019,0.7827,0.1452,0.481,0.2869,3,0.8933,0.8016,0.279,0.6856
"[60, 60]",0.1,0.6,1,epoch_1,0.8933,0.0019,0.802,0.1349,0.478,0.2532,0,0.8943,0.7854,0.3454,0.8782
"[60, 60, 40]",0.1,0.6,1,epoch_0,0.8943,0.003,0.7818,0.1385,0.4319,0.2198,0,0.8943,0.7302,0.2836,0.6412
"[120, 60, 20]",0.1,0.6,1,epoch_0,0.8933,0.0019,0.7734,0.1884,0.4892,0.2454,0,0.8933,0.7075,0.2519,0.5705
"[120, 60, 40]",0.1,0.6,1,epoch_1,0.8966,0.011,0.7606,0.0966,0.3767,0.1581,1,0.8966,0.726,0.2888,0.7202
"[30, 20]",0.1,0.6,3,epoch_0,0.8933,0.0019,0.7916,0.1432,0.5282,0.244,14,0.898,0.7894,0.3058,0.6616
"[60, 60]",0.1,0.6,3,epoch_1,0.8971,0.0107,0.8344,0.1181,0.5846,0.2269,1,0.8971,0.8223,0.3557,0.7601
"[60, 60, 40]",0.1,0.6,3,epoch_1,0.8943,0.003,0.7977,0.1301,0.4968,0.2388,1,0.8943,0.7841,0.4025,0.9117
"[120, 60, 20]",0.1,0.6,3,epoch_0,0.8933,0.0019,0.7756,0.1711,0.5201,0.278,0,0.8933,0.7608,0.2699,0.854
"[120, 60, 40]",0.1,0.6,3,epoch_2,0.8933,0.0019,0.7742,0.163,0.4535,0.2528,1,0.8994,0.7529,0.3632,0.979
"[30, 20]",1.0,0,1,epoch_0,0.8735,0.0585,0.4915,0.0334,0.1104,0.0123,8,0.8933,0.5047,0.1077,0.1391
"[60, 60]",1.0,0,1,epoch_0,0.891,0.0153,0.5368,0.1186,0.146,0.1169,0,0.891,0.571,0.1536,0.4512
"[60, 60, 40]",1.0,0,1,epoch_0,0.8933,0.0019,0.5,0.0,0.1067,0.0019,8,0.8933,0.5047,0.1077,0.1425
"[120, 60, 20]",1.0,0,1,epoch_0,0.8896,0.0093,0.5163,0.0392,0.1321,0.0601,0,0.8896,0.5289,0.1213,0.3776
"[120, 60, 40]",1.0,0,1,epoch_0,0.8938,0.0021,0.5041,0.0122,0.1108,0.013,0,0.8938,0.5023,0.1124,0.3913
"[30, 20]",1.0,0,3,epoch_0,0.8933,0.0019,0.4915,0.0334,0.1104,0.0123,14,0.8933,0.5047,0.1077,0.1822
"[60, 60]",1.0,0,3,epoch_0,0.8957,0.0082,0.5398,0.1259,0.1542,0.1414,0,0.8957,0.5681,0.1686,1.2209
"[60, 60, 40]",1.0,0,3,epoch_1,0.8933,0.0019,0.5009,0.0026,0.1069,0.0022,1,0.8933,0.5052,0.1083,10000.0
"[120, 60, 20]",1.0,0,3,epoch_0,0.891,0.0036,0.5166,0.0458,0.1245,0.048,0,0.891,0.5291,0.1189,0.4705
"[120, 60, 40]",1.0,0,3,epoch_0,0.8933,0.0019,0.5079,0.0158,0.1157,0.0204,0,0.8933,0.5067,0.1166,0.9929
"[30, 20]",1.0,0.2,1,epoch_7,0.8933,0.0019,0.5063,0.0181,0.108,0.0047,6,0.8933,0.5132,0.1106,0.6817
"[60, 60]",1.0,0.2,1,epoch_9,0.8924,0.0031,0.5399,0.1215,0.1439,0.1106,9,0.8924,0.5225,0.1518,0.3324
"[60, 60, 40]",1.0,0.2,1,epoch_0,0.8853,0.0118,0.5011,0.0156,0.112,0.015,2,0.8938,0.5059,0.1123,0.3022
"[120, 60, 20]",1.0,0.2,1,epoch_0,0.8872,0.0066,0.5002,0.0085,0.1083,0.0036,8,0.8933,0.5054,0.1078,0.5215
"[120, 60, 40]",1.0,0.2,1,epoch_0,0.89,0.007,0.5054,0.0149,0.118,0.0174,0,0.89,0.5059,0.1118,0.1384
"[30, 20]",1.0,0.2,3,epoch_7,0.8933,0.0019,0.5063,0.0181,0.108,0.0047,8,0.8933,0.5112,0.1099,10000.0
"[60, 60]",1.0,0.2,3,epoch_47,0.8933,0.0019,0.5262,0.0795,0.1446,0.113,47,0.8933,0.5477,0.1569,10000.0
"[60, 60, 40]",1.0,0.2,3,epoch_0,0.8933,0.0019,0.5082,0.025,0.1246,0.0364,0,0.8933,0.5138,0.1169,10000.0
"[120, 60, 20]",1.0,0.2,3,epoch_0,0.8924,0.0013,0.501,0.0169,0.1139,0.012,8,0.8933,0.505,0.108,1.4244
"[120, 60, 40]",1.0,0.2,3,epoch_0,0.8933,0.0019,0.5089,0.0237,0.12,0.0194,0,0.8933,0.5101,0.1135,10000.0
"[30, 20]",1.0,0.4,1,epoch_7,0.8938,0.0021,0.5024,0.0065,0.1106,0.0122,7,0.8938,0.499,0.1109,0.505
"[60, 60]",1.0,0.4,1,epoch_0,0.8929,0.0058,0.5102,0.0415,0.1334,0.0415,0,0.8929,0.5102,0.1292,-1.2311
"[60, 60, 40]",1.0,0.4,1,epoch_0,0.8886,0.0102,0.4968,0.0061,0.1067,0.0019,14,0.8933,0.5047,0.1077,0.0324
"[120, 60, 20]",1.0,0.4,1,epoch_0,0.8905,0.014,0.5159,0.018,0.1268,0.0266,0,0.8905,0.5181,0.1253,0.547
"[120, 60, 40]",1.0,0.4,1,epoch_0,0.8929,0.0128,0.5256,0.0649,0.1394,0.082,0,0.8929,0.5347,0.1403,0.3498
"[30, 20]",1.0,0.4,3,epoch_39,0.8962,0.0096,0.5216,0.0649,0.1335,0.0796,39,0.8961,0.4977,0.1314,10000.0
"[60, 60]",1.0,0.4,3,epoch_0,0.8938,0.003,0.5603,0.1146,0.1878,0.0872,0,0.8938,0.5489,0.1809,10000.0
"[60, 60, 40]",1.0,0.4,3,epoch_0,0.8938,0.0021,0.5117,0.0279,0.131,0.0367,0,0.8938,0.5055,0.118,0.1704
"[120, 60, 20]",1.0,0.4,3,epoch_0,0.89,0.0107,0.5363,0.0366,0.1569,0.0514,0,0.89,0.5419,0.1326,10000.0
"[120, 60, 40]",1.0,0.4,3,epoch_0,0.8962,0.0096,0.544,0.1036,0.1767,0.1318,0,0.8961,0.5158,0.179,10000.0
"[30, 20]",1.0,0.6,1,epoch_2,0.8924,0.0024,0.5071,0.0239,0.1084,0.0058,4,0.8924,0.5094,0.1094,0.207
"[60, 60]",1.0,0.6,1,epoch_1,0.8933,0.0048,0.5162,0.047,0.1312,0.0535,1,0.8933,0.5283,0.129,0.6201
"[60, 60, 40]",1.0,0.6,1,epoch_1,0.8933,0.0019,0.5067,0.0147,0.108,0.0036,1,0.8933,0.5122,0.11,1.1805
"[120, 60, 20]",1.0,0.6,1,epoch_0,0.8915,0.0052,0.5191,0.0533,0.1123,0.0134,0,0.8914,0.535,0.1169,1.8541
"[120, 60, 40]",1.0,0.6,1,epoch_0,0.8891,0.0139,0.5308,0.1325,0.1375,0.045,2,0.8947,0.5413,0.1278,0.4209
"[30, 20]",1.0,0.6,3,epoch_0,0.8933,0.0019,0.5466,0.1232,0.153,0.0847,264,0.8933,0.5694,0.1404,10000.0
"[60, 60]",1.0,0.6,3,epoch_1,0.8933,0.0019,0.6433,0.108,0.2248,0.0944,1,0.8933,0.6754,0.2266,5.5118
"[60, 60, 40]",1.0,0.6,3,epoch_1,0.8933,0.0019,0.561,0.0446,0.1222,0.0125,1,0.8933,0.5329,0.1163,2.1016
"[120, 60, 20]",1.0,0.6,3,epoch_0,0.891,0.0063,0.5408,0.1173,0.1358,0.0459,0,0.891,0.5582,0.1284,10000.0
"[120, 60, 40]",1.0,0.6,3,epoch_0,0.8933,0.0019,0.5409,0.1572,0.1603,0.0647,2,0.8933,0.521,0.1267,0.2193
"[30, 20]",10.0,0,1,epoch_0,0.8933,0.0019,0.5,0.0,0.1067,0.0019,18,0.8933,0.5047,0.1077,0.0543
"[60, 60]",10.0,0,1,epoch_0,0.8882,0.016,0.4971,0.0087,0.1067,0.0019,50,0.8886,0.5044,0.1077,0.0274
"[60, 60, 40]",10.0,0,1,epoch_0,0.8933,0.0019,0.5,0.0,0.1067,0.0019,18,0.8933,0.5047,0.1077,0.0496
"[120, 60, 20]",10.0,0,1,epoch_0,0.8901,0.0143,0.5203,0.0723,0.1359,0.0866,0,0.89,0.5408,0.1303,0.3215
"[120, 60, 40]",10.0,0,1,epoch_0,0.8933,0.0019,0.5,0.0,0.1067,0.0019,18,0.8933,0.5047,0.1077,0.0486
"[30, 20]",10.0,0,3,epoch_0,0.8933,0.0019,0.5,0.0,0.1067,0.0019,10,0.8933,0.5047,0.1077,0.0538
"[60, 60]",10.0,0,3,epoch_1,0.8933,0.0019,0.4989,0.0096,0.107,0.0016,517,0.8933,0.5052,0.1078,0.3272
"[60, 60, 40]",10.0,0,3,epoch_0,0.8933,0.0019,0.4979,0.0031,0.1067,0.0019,10,0.8933,0.5047,0.1077,0.0513
"[120, 60, 20]",10.0,0,3,epoch_0,0.8929,0.0026,0.5187,0.073,0.1359,0.0866,0,0.8929,0.5377,0.1272,0.733
"[120, 60, 40]",10.0,0,3,epoch_0,0.8933,0.0019,0.5016,0.0069,0.1105,0.0122,0,0.8933,0.4967,0.1099,10000.0
"[30, 20]",10.0,0.2,1,epoch_5,0.8933,0.0019,0.5026,0.0079,0.1072,0.0027,4,0.8933,0.5057,0.1081,0.2992
"[60, 60]",10.0,0.2,1,epoch_0,0.8919,0.0058,0.5033,0.0096,0.1145,0.0162,20,0.8938,0.5089,0.1128,0.0187
"[60, 60, 40]",10.0,0.2,1,epoch_1,0.8933,0.0041,0.5038,0.0133,0.1144,0.0238,1,0.8933,0.5086,0.1129,0.4353
"[120, 60, 20]",10.0,0.2,1,epoch_0,0.8853,0.0199,0.5016,0.0198,0.1189,0.0248,0,0.8853,0.508,0.1088,0.04
"[120, 60, 40]",10.0,0.2,1,epoch_0,0.8844,0.0091,0.5009,0.0118,0.1108,0.0065,41,0.8933,0.5047,0.1077,0.0167
"[30, 20]",10.0,0.2,3,epoch_0,0.8933,0.0019,0.503,0.0081,0.1109,0.0122,0,0.8933,0.5028,0.1082,1.4803
"[60, 60]",10.0,0.2,3,epoch_83,0.8933,0.0019,0.5367,0.1101,0.1415,0.1035,82,0.8933,0.5257,0.147,10000.0
"[60, 60, 40]",10.0,0.2,3,epoch_1,0.8933,0.0019,0.5038,0.0133,0.1144,0.0238,1,0.8933,0.5075,0.112,0.8196
"[120, 60, 20]",10.0,0.2,3,epoch_0,0.8914,0.0039,0.501,0.0254,0.1239,0.0254,15,0.8933,0.5047,0.1077,10000.0
"[120, 60, 40]",10.0,0.2,3,epoch_0,0.8919,0.0035,0.5009,0.0119,0.1109,0.0055,10,0.8933,0.5052,0.1078,0.805
"[30, 20]",10.0,0.4,1,epoch_18,0.8938,0.0021,0.5022,0.0065,0.1105,0.0122,18,0.8938,0.5042,0.1119,0.0315
"[60, 60]",10.0,0.4,1,epoch_0,0.8943,0.0055,0.5066,0.0394,0.1266,0.0249,0,0.8943,0.5132,0.1291,-0.1587
"[60, 60, 40]",10.0,0.4,1,epoch_0,0.8802,0.022,0.4965,0.0181,0.1101,0.0108,8,0.8933,0.5047,0.1077,0.0162
"[120, 60, 20]",10.0,0.4,1,epoch_0,0.8933,0.0151,0.5326,0.0384,0.1557,0.0617,0,0.8933,0.5339,0.1464,0.3419
"[120, 60, 40]",10.0,0.4,1,epoch_0,0.8896,0.0107,0.5156,0.0259,0.1237,0.0356,0,0.8896,0.5157,0.1211,0.3044
"[30, 20]",10.0,0.4,3,epoch_374,0.8933,0.0019,0.5265,0.0794,0.1446,0.113,374,0.8933,0.5482,0.1572,0.2265
"[60, 60]",10.0,0.4,3,epoch_0,0.8938,0.0021,0.5507,0.1074,0.1725,0.0655,0,0.8938,0.5883,0.1819,0.2974
"[60, 60, 40]",10.0,0.4,3,epoch_0,0.8933,0.0019,0.5128,0.049,0.1359,0.0494,0,0.8933,0.4977,0.1305,10000.0
"[120, 60, 20]",10.0,0.4,3,epoch_0,0.8896,0.0081,0.569,0.0627,0.1782,0.0665,0,0.8896,0.5662,0.1509,10000.0
"[120, 60, 40]",10.0,0.4,3,epoch_0,0.8929,0.0017,0.5524,0.0609,0.168,0.0617,0,0.8929,0.5545,0.1561,0.5178
"[30, 20]",10.0,0.6,1,epoch_2,0.7344,0.3153,0.5095,0.0215,0.1157,0.0163,2,0.735,0.5092,0.1092,0.0163
"[60, 60]",10.0,0.6,1,epoch_0,0.8938,0.0113,0.4658,0.0946,0.1444,0.0436,0,0.8938,0.4629,0.1306,0.3634
"[60, 60, 40]",10.0,0.6,1,epoch_1,0.8933,0.0019,0.5071,0.0104,0.1081,0.0021,0,0.8919,0.515,0.1099,0.2079
"[120, 60, 20]",10.0,0.6,1,epoch_0,0.8929,0.0039,0.5066,0.0119,0.1117,0.0114,0,0.8929,0.5087,0.1097,0.6908
"[120, 60, 40]",10.0,0.6,1,epoch_0,0.8929,0.0026,0.522,0.1266,0.1294,0.0389,0,0.8929,0.5517,0.1207,0.2546
"[30, 20]",10.0,0.6,3,epoch_2,0.8929,0.0017,0.5717,0.0699,0.1329,0.0237,2,0.8929,0.5114,0.1185,10000.0
"[60, 60]",10.0,0.6,3,epoch_1,0.8933,0.0019,0.6329,0.1236,0.2472,0.1842,1,0.8933,0.6081,0.2387,7.6425
"[60, 60, 40]",10.0,0.6,3,epoch_2,0.8933,0.0019,0.5274,0.0465,0.1194,0.0276,2,0.8933,0.5105,0.1185,3.5158
"[120, 60, 20]",10.0,0.6,3,epoch_0,0.8924,0.0025,0.5506,0.0554,0.1343,0.0296,0,0.8924,0.523,0.1226,0.3994
"[120, 60, 40]",10.0,0.6,3,epoch_0,0.8933,0.0019,0.4891,0.1141,0.1236,0.0498,77,0.8933,0.5008,0.1115,-0.0038
"[30, 20]",100.0,0,1,epoch_0,0.8933,0.0019,0.5,0.0,0.1067,0.0019,15,0.8933,0.5047,0.1077,0.4317
"[60, 60]",100.0,0,1,epoch_0,0.8882,0.016,0.4971,0.0087,0.1067,0.0019,514,0.8886,0.5043,0.1077,0.0066
"[60, 60, 40]",100.0,0,1,epoch_0,0.8933,0.0019,0.5,0.0,0.1067,0.0019,431,0.7364,0.5047,0.1077,0.0019
"[120, 60, 20]",100.0,0,1,epoch_0,0.8896,0.012,0.51,0.0399,0.122,0.0451,0,0.8896,0.5095,0.1118,
"[120, 60, 40]",100.0,0,1,epoch_0,0.8933,0.0019,0.5,0.0,0.1067,0.0019,710,0.8933,0.5047,0.1077,193.3328
"[30, 20]",100.0,0,3,epoch_0,0.8933,0.0019,0.5,0.0,0.1067,0.0019,490,0.8933,0.5047,0.1077,0.0087
"[60, 60]",100.0,0,3,epoch_3,0.8933,0.0019,0.4989,0.0096,0.107,0.0016,14,0.8886,0.5048,0.1077,0.0406
"[60, 60, 40]",100.0,0,3,epoch_1,0.8933,0.0019,0.5006,0.0039,0.1071,0.0024,93,0.8933,0.5047,0.1077,0.005
"[120, 60, 20]",100.0,0,3,epoch_0,0.8929,0.0026,0.5076,0.041,0.122,0.0451,0,0.8929,0.5128,0.113,10000.0
"[120, 60, 40]",100.0,0,3,epoch_0,0.8933,0.0019,0.5016,0.0069,0.1105,0.0122,407,0.8933,0.5047,0.1077,0.0069
"[30, 20]",100.0,0.2,1,epoch_5,0.8196,0.2216,0.5026,0.0079,0.1072,0.0027,5,0.8195,0.5026,0.1078,0.0175
"[60, 60]",100.0,0.2,1,epoch_0,0.8919,0.0058,0.5033,0.0096,0.1145,0.0162,9,0.8938,0.5069,0.1126,1.224
"[60, 60, 40]",100.0,0.2,1,epoch_1,0.8149,0.2357,0.5038,0.0133,0.1144,0.0238,1,0.8148,0.5107,0.113,0.0086
"[120, 60, 20]",100.0,0.2,1,epoch_0,0.8839,0.0212,0.4988,0.0192,0.1148,0.0235,11,0.6579,0.5047,0.1077,0.002
"[120, 60, 40]",100.0,0.2,1,epoch_0,0.8853,0.0052,0.4993,0.009,0.109,0.0061,11,0.8933,0.5056,0.108,34.7975
"[30, 20]",100.0,0.2,3,epoch_0,0.8933,0.0019,0.5024,0.0078,0.1108,0.0122,5,0.7411,0.5016,0.108,-0.0122
"[60, 60]",100.0,0.2,3,epoch_0,0.8933,0.0019,0.5179,0.0568,0.1326,0.0551,0,0.8933,0.5165,0.13,10000.0
"[60, 60, 40]",100.0,0.2,3,epoch_1,0.8933,0.0019,0.5033,0.0136,0.1144,0.0238,1,0.8933,0.5071,0.111,10000.0
"[120, 60, 20]",100.0,0.2,3,epoch_0,0.891,0.0041,0.4948,0.0211,0.112,0.0146,11,0.8933,0.5047,0.1077,0.0119
"[120, 60, 40]",100.0,0.2,3,epoch_0,0.8919,0.0029,0.4987,0.0116,0.1084,0.0041,9,0.8933,0.5042,0.1077,10000.0
"[30, 20]",100.0,0.4,1,epoch_9,0.7362,0.3151,0.5024,0.0073,0.1106,0.0124,9,0.7364,0.5031,0.1117,0.0039
"[60, 60]",100.0,0.4,1,epoch_0,0.8933,0.008,0.5179,0.0272,0.1317,0.0306,539,0.8933,0.5259,0.1263,0.3178
"[60, 60, 40]",100.0,0.4,1,epoch_4,0.8154,0.2358,0.5022,0.0065,0.1105,0.0122,4,0.8153,0.503,0.1116,0.0079
"[120, 60, 20]",100.0,0.4,1,epoch_0,0.8844,0.0376,0.5276,0.0304,0.1458,0.0573,0,0.8844,0.528,0.1227,
"[120, 60, 40]",100.0,0.4,1,epoch_0,0.8868,0.0119,0.5154,0.0281,0.1239,0.0355,0,0.8867,0.5157,0.1149,
"[30, 20]",100.0,0.4,3,epoch_374,0.8149,0.2357,0.5265,0.0794,0.1446,0.113,0,0.8938,0.5157,0.1187,0.5751
"[60, 60]",100.0,0.4,3,epoch_1,0.8155,0.2373,0.5671,0.0879,0.1805,0.0765,0,0.8938,0.5685,0.1482,0.5404
"[60, 60, 40]",100.0,0.4,3,epoch_0,0.8929,0.0026,0.511,0.0444,0.1241,0.0366,1,0.6584,0.5022,0.1118,0.0028
"[120, 60, 20]",100.0,0.4,3,epoch_0,0.8858,0.0231,0.548,0.0518,0.1561,0.0495,0,0.8858,0.5483,0.1281,0.4171
"[120, 60, 40]",100.0,0.4,3,epoch_0,0.8914,0.0032,0.5546,0.0647,0.158,0.0541,0,0.8914,0.5537,0.134,0.5176
"[30, 20]",100.0,0.6,1,epoch_2,0.7458,0.2922,0.506,0.0248,0.113,0.0135,2,0.7458,0.5072,0.1093,0.0109
"[60, 60]",100.0,0.6,1,epoch_0,0.8928,0.0107,0.5345,0.0305,0.1506,0.0508,0,0.8929,0.5347,0.1368,
"[60, 60, 40]",100.0,0.6,1,epoch_3,0.5001,0.3919,0.5011,0.0017,0.1069,0.0017,846,0.8148,0.5045,0.1077,0.0016
"[120, 60, 20]",100.0,0.6,1,epoch_0,0.8929,0.0034,0.5017,0.0071,0.1107,0.0114,140,0.8148,0.5047,0.1077,0.0015
"[120, 60, 40]",100.0,0.6,1,epoch_5,0.8933,0.0019,0.5208,0.0624,0.113,0.0196,5,0.8933,0.5247,0.1113,-237.7708
"[30, 20]",100.0,0.6,3,epoch_2,0.8914,0.005,0.5237,0.0625,0.1187,0.0196,63,0.8933,0.5045,0.112,0.1022
"[60, 60]",100.0,0.6,3,epoch_2,0.8933,0.0019,0.5585,0.1114,0.1633,0.1004,2,0.8933,0.5585,0.1428,
"[60, 60, 40]",100.0,0.6,3,epoch_0,0.8933,0.0019,0.5004,0.0123,0.1103,0.0059,205,0.8933,0.5122,0.1095,0.0611
"[120, 60, 20]",100.0,0.6,3,epoch_0,0.8924,0.0025,0.5124,0.0226,0.1238,0.036,0,0.8924,0.5118,0.1107,
"[120, 60, 40]",100.0,0.6,3,epoch_1,0.8933,0.0019,0.5118,0.0379,0.1235,0.0507,1,0.8933,0.512,0.1142,
"[30, 20]",1000.0,0,1,epoch_0,0.8933,0.0019,0.5,0.0,0.1067,0.0019,138,0.5794,0.5034,0.1073,0.0013
"[60, 60]",1000.0,0,1,epoch_0,0.8882,0.016,0.4971,0.0087,0.1067,0.0019,569,0.6579,0.5032,0.1073,0.001
"[60, 60, 40]",1000.0,0,1,epoch_0,0.8933,0.0019,0.5,0.0,0.1067,0.0019,227,0.8148,0.5034,0.1073,0.0005
"[120, 60, 20]",1000.0,0,1,epoch_0,0.8896,0.012,0.51,0.0399,0.122,0.0451,0,0.8896,0.5095,0.1118,
"[120, 60, 40]",1000.0,0,1,epoch_0,0.8933,0.0019,0.5,0.0,0.1067,0.0019,590,0.5789,0.5031,0.1074,0.0016
"[30, 20]",1000.0,0,3,epoch_0,0.8933,0.0019,0.5,0.0,0.1067,0.0019,7,0.8933,0.5046,0.1077,10000.0
"[60, 60]",1000.0,0,3,epoch_5,0.8933,0.0019,0.4989,0.0096,0.107,0.0016,732,0.8886,0.5032,0.1075,0.0037
"[60, 60, 40]",1000.0,0,3,epoch_1,0.8933,0.0019,0.5006,0.0039,0.1071,0.0024,687,0.8148,0.5038,0.1075,0.0048
"[120, 60, 20]",1000.0,0,3,epoch_0,0.8924,0.0037,0.5084,0.0407,0.122,0.0451,0,0.8924,0.5079,0.11,
"[120, 60, 40]",1000.0,0,3,epoch_0,0.8933,0.0019,0.5016,0.0069,0.1105,0.0122,0,0.8933,0.5017,0.1077,
"[30, 20]",1000.0,0.2,1,epoch_0,0.8924,0.0031,0.4995,0.0011,0.1067,0.0019,631,0.7364,0.503,0.1074,0.0014
"[60, 60]",1000.0,0.2,1,epoch_0,0.8919,0.0058,0.503,0.0096,0.1144,0.0163,14,0.8938,0.502,0.1113,1.5173
"[60, 60, 40]",1000.0,0.2,1,epoch_1,0.8933,0.0041,0.5038,0.0133,0.1144,0.0238,1,0.8933,0.5039,0.1101,
"[120, 60, 20]",1000.0,0.2,1,epoch_0,0.8839,0.0212,0.4988,0.0192,0.1148,0.0235,346,0.7364,0.5027,0.1073,0.0014
"[120, 60, 40]",1000.0,0.2,1,epoch_0,0.8853,0.0052,0.4993,0.009,0.109,0.0061,600,0.5009,0.5041,0.1075,0.0016
"[30, 20]",1000.0,0.2,3,epoch_0,0.8933,0.0019,0.5011,0.007,0.1105,0.0122,29,0.8148,0.5047,0.1077,0.0033
"[60, 60]",1000.0,0.2,3,epoch_0,0.8933,0.0019,0.5211,0.0559,0.1332,0.0551,0,0.8933,0.5205,0.1228,
"[60, 60, 40]",1000.0,0.2,3,epoch_1,0.8933,0.0019,0.5033,0.0136,0.1144,0.0238,1,0.8933,0.5034,0.1087,
"[120, 60, 20]",1000.0,0.2,3,epoch_0,0.891,0.0041,0.4948,0.0211,0.112,0.0146,26,0.8933,0.5037,0.1076,0.0054
"[120, 60, 40]",1000.0,0.2,3,epoch_1,0.8933,0.0019,0.499,0.008,0.1105,0.0122,600,0.7364,0.5047,0.1076,0.0028
"[30, 20]",1000.0,0.4,1,epoch_9,0.8938,0.0021,0.5022,0.0065,0.1105,0.0122,9,0.8938,0.5022,0.1106,
"[60, 60]",1000.0,0.4,1,epoch_0,0.8933,0.008,0.5179,0.0272,0.1317,0.0306,0,0.8933,0.5175,0.1223,
"[60, 60, 40]",1000.0,0.4,1,epoch_0,0.8778,0.0254,0.4971,0.0197,0.1102,0.0108,227,0.7364,0.5034,0.1073,0.0007
"[120, 60, 20]",1000.0,0.4,1,epoch_0,0.8844,0.0376,0.5276,0.0304,0.1458,0.0573,0,0.8844,0.528,0.1227,
"[120, 60, 40]",1000.0,0.4,1,epoch_0,0.8863,0.0124,0.5133,0.0264,0.1224,0.0354,0,0.8863,0.5135,0.1133,
"[30, 20]",1000.0,0.4,3,epoch_374,0.8933,0.0019,0.5265,0.0794,0.1446,0.113,374,0.8933,0.5147,0.1148,0.1065
"[60, 60]",1000.0,0.4,3,epoch_0,0.8933,0.002,0.5732,0.1058,0.1759,0.066,0,0.8933,0.5701,0.148,0.5415
"[60, 60, 40]",1000.0,0.4,3,epoch_0,0.8924,0.0031,0.5089,0.0472,0.1242,0.0366,0,0.8924,0.5092,0.1096,
"[120, 60, 20]",1000.0,0.4,3,epoch_0,0.8858,0.0231,0.5443,0.049,0.152,0.047,0,0.8858,0.5447,0.126,0.3984
"[120, 60, 40]",1000.0,0.4,3,epoch_0,0.8915,0.0048,0.5794,0.0654,0.1729,0.0573,0,0.8914,0.5775,0.1554,0.7219
"[30, 20]",1000.0,0.6,1,epoch_2,0.7458,0.2922,0.5077,0.0207,0.112,0.0126,2,0.7458,0.5066,0.108,0.0082
"[60, 60]",1000.0,0.6,1,epoch_0,0.8928,0.0107,0.5345,0.0305,0.1506,0.0508,0,0.8929,0.5347,0.1368,
"[60, 60, 40]",1000.0,0.6,1,epoch_3,0.5784,0.385,0.5003,0.0008,0.1067,0.0018,541,0.6574,0.5038,0.1074,0.0008
"[120, 60, 20]",1000.0,0.6,1,epoch_0,0.8929,0.0034,0.5017,0.0071,0.1107,0.0114,0,0.8929,0.5017,0.1077,
"[120, 60, 40]",1000.0,0.6,1,epoch_0,0.891,0.0046,0.5027,0.01,0.1083,0.0043,0,0.891,0.5026,0.1077,
"[30, 20]",1000.0,0.6,3,epoch_1,0.8933,0.0019,0.5099,0.0255,0.1205,0.0353,2,0.8914,0.5221,0.1115,0.0568
"[60, 60]",1000.0,0.6,3,epoch_0,0.8924,0.0025,0.5523,0.0449,0.1629,0.0513,0,0.8924,0.5519,0.1376,
"[60, 60, 40]",1000.0,0.6,3,epoch_0,0.8933,0.0019,0.5004,0.0122,0.1103,0.0059,19,0.8933,0.5052,0.1077,0.0053
"[120, 60, 20]",1000.0,0.6,3,epoch_0,0.8924,0.0025,0.5125,0.0287,0.1239,0.0476,0,0.8924,0.5118,0.1107,
"[120, 60, 40]",1000.0,0.6,3,epoch_1,0.8933,0.0019,0.5113,0.0382,0.1235,0.0507,1,0.8933,0.5115,0.1132,
