,Consensus,Change,Domain,Position,Conservation,SigNoise,PSSM,RateOfEvolution,Pred_Prob,Pred_Label,True_Label,Source
0,A,V,Outside,2,0.232323232,0.0,0.0,0.726,0.13052822649478912,0,0.0,clinvar
1,A,G,Outside,3,0.252525253,0.0,0.0,1.251,0.12364370375871658,0,0.0,clinvar
2,P,S,Outside,7,0.44444444400000005,0.0,-1.0,0.21600000000000003,0.21707971394062042,0,0.0,clinvar
3,A,D,Outside,10,0.29292929300000004,0.0,-1.0,1.496,0.1502954214811325,0,0.0,clinvar
4,E,K,Outside,11,0.323232323,0.0,1.0,0.921,0.14789365231990814,0,0.0,clinvar
5,K,R,Outside,13,0.35353535399999997,0.0,1.0,1.1170000000000002,0.13005007803440094,0,0.0,clinvar
6,R,L,Outside,14,0.363636364,0.0,-2.0,-0.376,0.32154202461242676,0,0.0,wes
7,G,S,Outside,26,0.44444444400000005,0.0,1.0,1.5319999999999998,0.12222076952457428,0,0.0,wes
8,S,R,Outside,27,0.424242424,0.0,-1.0,-0.479,0.3760974407196045,0,0.0,clinvar
9,P,L,Outside,35,0.46464646500000006,0.0,-2.0,-0.675,0.3456019461154938,0,0.0,wes
10,A,T,Outside,46,0.252525253,1.6582876590000026,1.0,0.42999999999999994,0.14739233255386353,0,0.0,wes
11,P,A,Outside,59,0.383838384,1.1292288830000032,0.0,-0.047,0.19764474034309387,0,0.0,clinvar
12,P,T,Outside,61,0.35353535399999997,0.9194053829999973,0.0,1.893,0.08509586751461029,0,0.0,clinvar
13,P,S,Outside,64,0.424242424,0.5298937120000033,2.0,2.25,0.06750106066465378,0,0.0,clinvar
14,P,T,Outside,70,0.040404039999999974,0.552236182999998,-1.0,0.575,0.11509624123573303,0,0.0,clinvar
15,P,T,Outside,73,0.333333333,0.6350265570000033,-1.0,2.2590000000000003,0.07776936143636703,0,0.0,wes
16,P,R,Outside,84,0.27272727299999994,0.0,-2.0,0.703,0.1609969288110733,0,0.0,clinvar
17,V,D,Outside,106,0.020202020000000043,2.2123900069999998,-3.0,0.48,0.19727763533592224,0,0.0,clinvar
18,R,H,Outside,116,0.616161616,6.56206671,2.0,-0.897,0.4021252691745758,0,0.0,clinvar
19,G,R,Outside,119,0.656565657,5.972348559,1.0,-0.409,0.3562805652618408,0,0.0,clinvar
20,H,L,Transmemberane-1,126,0.636363636,21.12978244,-1.0,-0.985,0.5252323746681213,1,0.0,clinvar
21,L,P,Transmemberane-1,131,0.747474747,22.36026958,-3.0,0.10999999999999999,0.5339795351028442,1,0.0,clinvar
22,S,F,Outside,143,0.7777777779999999,4.122252561,-2.0,-1.01,0.534490704536438,1,0.0,clinvar
23,T,A,Outside,144,0.767676768,3.151637797999996,-1.0,-1.004,0.513620913028717,1,0.0,clinvar
24,W,C,Transmemberane-2,158,0.747474747,3.6518612819999987,1.0,-0.355,0.44527071714401245,0,0.0,wes
25,G,R,Transmemberane-2,168,0.868686869,12.97080288,-2.0,-0.611,0.532991886138916,1,0.0,wes
26,V,M,Outside,172,0.717171717,11.71651133,0.0,0.706,0.24095003306865692,0,0.0,wes
27,R,C,Outside,174,0.929292929,14.05270995,3.0,-0.985,0.439544677734375,0,0.0,wes
28,L,F,Outside,175,0.8888888890000001,11.323062579999998,3.0,-0.483,0.41538676619529724,0,0.0,clinvar
29,A,T,Outside,178,0.898989899,10.225810809999999,-1.0,-0.973,0.5263027548789978,1,0.0,clinvar
30,L,P,Outside,187,0.232323232,7.61809796,0.0,1.036,0.1540510058403015,0,0.0,clinvar
31,R,P,Outside,190,0.929292929,5.204671053000002,-2.0,-1.021,0.5370569825172424,1,0.0,clinvar
32,R,C,Outside,192,0.090909091,6.0491073459999996,-3.0,-0.6729999999999999,0.29515179991722107,0,0.0,clinvar
33,K,T,Outside,196,0.929292929,8.253848205,-1.0,-0.9279999999999999,0.5203622579574585,1,0.0,clinvar
34,P,H,Transmemberane-3,197,0.939393939,4.196967999999998,-2.0,-0.894,0.5326435565948486,1,0.0,clinvar
35,M,T,Transmemberane-3,210,0.757575758,3.307497987999998,-2.0,0.401,0.36940544843673706,0,0.0,clinvar
36,S,F,Transmemberane-3,217,0.929292929,1.6938587830000031,-3.0,-0.9009999999999999,0.5390194654464722,1,0.0,clinvar
37,K,E,Outside,218,0.8383838379999999,6.212775586999999,0.0,-0.537,0.40776732563972473,0,0.0,clinvar
38,A,V,Transmemberane-4,226,0.9494949490000001,4.754331051000001,2.0,-0.94,0.5031916499137878,1,0.0,clinvar
39,Q,L,Transmemberane-4,234,0.9191919190000001,10.82152992,-1.0,-0.946,0.531692385673523,1,0.0,clinvar
40,Q,P,Transmemberane-4,234,0.9191919190000001,10.82152992,-3.0,-0.946,0.540888249874115,1,0.0,clinvar
41,Q,R,Transmemberane-4,234,0.9191919190000001,10.82152992,6.0,-0.946,0.3768251836299896,0,0.0,clinvar
43,V,F,Transmemberane-4,241,0.090909091,12.82227491,1.0,-0.902,0.3041607141494751,0,0.0,clinvar
42,V,I,Transmemberane-4,241,0.090909091,12.82227491,0.0,-0.902,0.28583693504333496,0,0.0,wes
44,R,S,Transmemberane-4,243,0.929292929,13.530747740000002,2.0,-1.02,0.5233736038208008,1,0.0,clinvar
45,G,R,Transmemberane-4,245,0.929292929,18.05223674,-2.0,-0.8170000000000001,0.5378367900848389,1,0.0,wes
46,S,P,Outside,253,0.9191919190000001,33.71896498,-3.0,-1.011,0.5417798161506653,1,0.0,clinvar
47,R,H,Outside,259,0.898989899,31.9968341,-2.0,-0.953,0.5342065691947937,1,0.0,wes
48,Y,F,Transmemberane-5,267,0.929292929,11.060839819999998,2.0,-0.985,0.527489423751831,1,0.0,clinvar
49,I,S,Transmemberane-5,268,0.929292929,11.907203549999998,-1.0,-1.061,0.5324105620384216,1,0.0,clinvar
50,L,P,Transmemberane-5,273,0.929292929,8.423132212999999,-4.0,-0.9940000000000001,0.5436015725135803,1,0.0,clinvar
52,A,G,Outside,283,0.9191919190000001,6.181566828999998,-2.0,-0.799,0.5314266085624695,1,0.0,clinvar
51,A,P,Outside,283,0.9191919190000001,6.181566828999998,-2.0,-0.799,0.5354447364807129,1,0.0,clinvar
54,A,E,Outside,287,0.868686869,9.271936687,1.0,0.08300000000000002,0.29762575030326843,0,0.0,wes
53,A,T,Outside,287,0.868686869,9.271936687,0.0,0.08300000000000002,0.3046264350414276,0,0.0,wes
55,V,M,Outside,288,0.828282828,7.469316212999999,0.0,-0.256,0.37566882371902466,0,0.0,clinvar
56,E,K,Outside,290,0.626262626,6.303729596,0.0,0.612,0.20114760100841522,0,0.0,clinvar
57,G,D,Outside,292,0.8888888890000001,6.2227227119999995,1.0,-0.569,0.48041945695877075,0,0.0,clinvar
58,R,C,Outside,293,0.46464646500000006,6.2227227119999995,-3.0,0.7340000000000001,0.22412340342998505,0,0.0,wes
59,A,E,Outside,300,0.929292929,11.591881090000001,-2.0,-1.031,0.5336642265319824,1,0.0,clinvar
60,A,T,Outside,300,0.929292929,11.591881090000001,-2.0,-1.031,0.530902087688446,1,0.0,wes
61,A,E,Outside,302,0.929292929,13.237857339999998,-2.0,-1.002,0.5334871411323547,1,0.0,clinvar
62,K,T,Outside,318,0.898989899,238.37568720000002,0.0,-0.68,0.5330013632774353,1,0.0,clinvar
64,P,H,Outside,320,0.9494949490000001,135.4443686,-3.0,-1.0490000000000002,0.5404471755027771,1,0.0,wes
63,P,S,Outside,320,0.9494949490000001,135.4443686,-1.0,-1.0490000000000002,0.532609760761261,1,0.0,clinvar
65,Q,P,Outside,321,0.9191919190000001,128.67215009999998,2.0,-0.054000000000000006,0.47508886456489563,0,0.0,clinvar
66,I,M,Transmemberane-6,337,0.9494949490000001,77.39074256,0.0,-0.855,0.5345121026039124,1,0.0,clinvar
67,F,Y,Transmemberane-6,339,0.9494949490000001,130.0104758,0.0,-0.9890000000000001,0.5341573357582092,1,0.0,clinvar
68,L,H,Transmemberane-6,342,0.9494949490000001,270.80602669999996,-3.0,-0.992,0.5521851778030396,1,0.0,clinvar
69,Q,E,Outside,357,0.939393939,54.16770479,5.0,-1.021,0.35629990696907043,0,0.0,clinvar
70,K,R,Outside,362,0.939393939,11.175229950000002,0.0,-1.014,0.5082315802574158,1,0.0,wes
71,P,A,Outside,369,0.929292929,10.214065109999996,-2.0,-0.6579999999999999,0.46026381850242615,0,0.0,clinvar
72,A,P,Outside,371,0.9191919190000001,8.700116266000002,2.0,-1.031,0.48069947957992554,0,0.0,clinvar
73,L,H,Outside,374,0.090909091,9.413250990999998,0.0,-0.9940000000000001,0.2771904766559601,0,0.0,clinvar
74,W,R,Outside,379,0.9191919190000001,5.929225642999999,-2.0,-0.7959999999999999,0.5332578420639038,1,0.0,clinvar
75,R,W,Outside,380,0.9191919190000001,5.929225642999999,-3.0,-0.985,0.5357009172439575,1,0.0,clinvar
76,S,A,Outside,389,0.8787878790000001,0.8839027149999978,-1.0,0.39,0.29931318759918213,0,0.0,clinvar
77,S,D,Outside,389,0.8787878790000001,0.8839027149999978,-2.0,0.39,0.4246146082878113,0,0.0,clinvar
78,R,W,Outside,397,0.818181818,0.7120560879999971,-4.0,0.287,0.4828806221485138,0,0.0,clinvar
79,K,R,Outside,398,0.797979798,0.34709529399999894,1.0,0.565,0.18366366624832153,0,0.0,wes
81,P,A,Outside,400,0.14141414099999994,0.27946711700000293,-1.0,2.0950000000000006,0.05552747845649719,0,0.0,clinvar
80,P,S,Outside,400,0.14141414099999994,0.27946711700000293,1.0,2.0950000000000006,0.04637204110622406,0,0.0,wes
82,S,N,Outside,402,0.0606060610000001,0.20960026200000215,1.0,2.387999999999999,0.04642077162861824,0,0.0,clinvar
83,P,H,Outside,447,0.616161616,0.05524752600000227,1.0,0.036000000000000004,0.2000558227300644,0,0.0,clinvar
84,P,R,Outside,448,0.484848485,0.05524752600000227,-1.0,2.1560000000000006,0.07749152928590775,0,0.0,wes
85,E,G,Outside,450,0.484848485,0.054632204000000684,-2.0,1.0190000000000001,0.16187059879302979,0,0.0,clinvar
86,R,W,Outside,451,0.727272727,0.054576660000002164,2.0,2.112,0.10368016362190247,0,0.0,wes
87,R,W,Outside,452,0.696969697,0.054720787999997356,-3.0,0.716,0.29776930809020996,0,0.0,clinvar
88,N,S,Outside,483,0.686868687,0.0,0.0,0.623,0.17040325701236725,0,0.0,wes
89,A,P,Outside,486,0.7373737370000001,0.0,-2.0,0.7490000000000001,0.2693759500980377,0,0.0,clinvar
91,T,I,Outside,513,0.545454545,4.379739102000002,-1.0,-0.667,0.30946508049964905,0,0.0,wes
90,T,S,Outside,513,0.545454545,4.379739102000002,2.0,-0.667,0.2164359986782074,0,0.0,clinvar
92,R,Q,Outside,518,0.656565657,7.147454016000005,0.0,-0.905,0.2943331301212311,0,0.0,clinvar
93,R,X,Outside,518,0.656565657,7.147454016000005,4.0,-0.905,0.24971285462379456,0,0.0,wes
94,K,E,Outside,526,0.6767676770000001,7.668829635000005,0.0,-0.815,0.3009677529335022,0,0.0,clinvar
95,K,N,Outside,526,0.6767676770000001,7.668829635000005,-1.0,-0.815,0.3298424780368805,0,0.0,clinvar
96,Q,P,Outside,530,0.727272727,19.52226339,3.0,-0.9420000000000001,0.31793636083602905,0,0.0,clinvar
97,R,W,Outside,533,0.7373737370000001,12.8764866,-3.0,-0.845,0.5265796780586243,1,0.0,clinvar
98,R,Q,Interaction-with-KCNE1-C-terminus,539,0.757575758,12.174191540000002,0.0,-0.938,0.4641452729701996,0,0.0,clinvar
99,Q,L,Interaction-with-KCNE1-C-terminus,544,0.767676768,22.25173087,0.0,-1.057,0.5144389867782593,1,0.0,clinvar
100,E,K,Outside,578,0.616161616,7.832038271000002,3.0,0.292,0.13901060819625854,0,0.0,clinvar
102,R,C,Outside,583,0.646464646,7.266539810000005,-3.0,0.248,0.2891318202018738,0,0.0,wes
101,R,H,Outside,583,0.646464646,7.266539810000005,-1.0,0.248,0.2530909478664398,0,0.0,wes
103,A,P,C-terminal-assembly-domain,590,0.626262626,4.707036289000001,-2.0,-0.632,0.47891128063201904,0,0.0,clinvar
104,A,T,C-terminal-assembly-domain,590,0.626262626,4.707036289000001,-1.0,-0.632,0.34847673773765564,0,0.0,clinvar
105,R,P,C-terminal-assembly-domain,594,0.07070707099999995,4.072209840999999,-1.0,-0.787,0.27661025524139404,0,0.0,clinvar
106,T,M,C-terminal-assembly-domain,600,0.595959596,4.779239136999998,0.0,1.271,0.1620721071958542,0,0.0,wes
107,Q,L,C-terminal-assembly-domain,604,0.616161616,1.9158767230000038,-2.0,0.6859999999999999,0.22355157136917114,0,0.0,clinvar
108,L,V,C-terminal-assembly-domain,608,0.373737374,1.3963154110000033,0.0,1.281,0.10630601644515991,0,0.0,clinvar
109,T,N,C-terminal-assembly-domain,610,0.5858585860000001,2.094473116000003,-2.0,0.82,0.20637238025665283,0,0.0,clinvar
110,M,I,C-terminal-assembly-domain,612,0.535353535,2.1653805949999985,3.0,0.648,0.13906659185886383,0,0.0,clinvar
111,G,S,Outside,626,0.343434343,2.554065396000002,1.0,2.191,0.05507638305425644,0,0.0,wes
112,C,W,Outside,642,0.414141414,0.0,-1.0,1.6480000000000001,0.11600110679864883,0,0.0,clinvar
113,P,H,Outside,660,0.0606060610000001,0.0,-2.0,-0.758,0.1897260993719101,0,0.0,clinvar
114,T,P,Outside,666,0.595959596,0.0,-2.0,-0.547,0.3615938723087311,0,0.0,clinvar
115,V,M,Outside,667,0.0606060610000001,0.0,1.0,-0.355,0.12342507392168045,0,0.0,clinvar
